{
    "train": {
        "best_val_loss": 0.13446814379054367,
        "epochs": 13
    },
    "test": {
        "test_loss": 0.5626889455848401,
        "test_accuracy": 0.8333333333333334,
        "test_high_grade_recall": 0.8181818181818182,
        "test_benign_recall": 0.8571428571428571,
        "predictions": [
            0,
            0,
            0,
            1,
            0,
            0,
            0,
            0,
            1,
            1,
            1,
            1,
            1,
            0,
            1,
            1,
            1,
            1
        ],
        "true_labels": [
            1,
            0,
            0,
            1,
            1,
            0,
            0,
            0,
            1,
            1,
            1,
            1,
            1,
            0,
            1,
            1,
            1,
            0
        ],
        "case_ids": [
            1,
            2,
            4,
            12,
            18,
            23,
            30,
            43,
            47,
            52,
            59,
            64,
            69,
            78,
            83,
            89,
            95,
            96
        ],
        "prediction_probs": [
            [
                0.9265662431716919,
                0.07343380898237228
            ],
            [
                0.9999985694885254,
                1.4690392617922043e-06
            ],
            [
                0.999382495880127,
                0.0006174800801090896
            ],
            [
                0.07546328753232956,
                0.9245367050170898
            ],
            [
                0.9933366775512695,
                0.0066633583046495914
            ],
            [
                0.9998394250869751,
                0.00016052453429438174
            ],
            [
                0.999991774559021,
                8.187986168195494e-06
            ],
            [
                0.9427759051322937,
                0.057224102318286896
            ],
            [
                0.1629517525434494,
                0.8370482325553894
            ],
            [
                4.5113807573216036e-05,
                0.9999549388885498
            ],
            [
                1.26890802221169e-06,
                0.9999986886978149
            ],
            [
                0.0009445659816265106,
                0.9990554451942444
            ],
            [
                0.014545822516083717,
                0.9854542016983032
            ],
            [
                0.9932676553726196,
                0.006732334848493338
            ],
            [
                1.4089792784943711e-05,
                0.999985933303833
            ],
            [
                0.0013184273848310113,
                0.9986816048622131
            ],
            [
                0.0013105033431202173,
                0.9986894726753235
            ],
            [
                0.11477246135473251,
                0.8852275013923645
            ]
        ],
        "num_samples": 18
    },
    "args": {
        "labels_csv": "extra_benign_case_grade_match.csv",
        "patches_dir": "/projects/e32998/patches_benign_split",
        "runs_dir": "./runs_seed_analysis",
        "epochs": 30,
        "lr": 0.000208,
        "batch_size": 1,
        "num_workers": 2,
        "embed_dim": 512,
        "per_slice_cap": 800,
        "max_slices_per_stain": 5,
        "seed": 9,
        "resume": null,
        "eval_only": false,
        "analyze_attention": false,
        "attention_top_n": 5,
        "load_splits": "./no_train_val_leakage_splits/data_splits_new_05.npz",
        "checkpoint_dir": "./runs_seed_analysis/20260312_191840_split5_seed9/checkpoints"
    }
}