{
    "train": {
        "best_val_loss": 0.08922232480713849,
        "epochs": 20
    },
    "test": {
        "test_loss": 0.28748041232725224,
        "test_accuracy": 0.8888888888888888,
        "test_high_grade_recall": 0.9090909090909091,
        "test_benign_recall": 0.8571428571428571,
        "predictions": [
            1,
            1,
            1,
            0,
            0,
            0,
            1,
            1,
            1,
            1,
            1,
            1,
            0,
            0,
            0,
            1,
            1,
            0
        ],
        "true_labels": [
            1,
            1,
            1,
            0,
            0,
            0,
            1,
            1,
            1,
            0,
            1,
            1,
            0,
            1,
            0,
            1,
            1,
            0
        ],
        "case_ids": [
            5,
            14,
            19,
            25,
            27,
            36,
            44,
            49,
            54,
            56,
            66,
            72,
            79,
            84,
            90,
            92,
            98,
            119
        ],
        "prediction_probs": [
            [
                1.781298664127462e-08,
                1.0
            ],
            [
                6.073112845950135e-11,
                1.0
            ],
            [
                1.622375634724449e-06,
                0.9999983310699463
            ],
            [
                0.9995368719100952,
                0.0004631374613381922
            ],
            [
                0.9738420248031616,
                0.02615799941122532
            ],
            [
                0.9998549222946167,
                0.00014502006524708122
            ],
            [
                0.03442169353365898,
                0.9655782580375671
            ],
            [
                7.992770406417549e-06,
                0.9999920129776001
            ],
            [
                0.015892939642071724,
                0.9841070175170898
            ],
            [
                0.019869035109877586,
                0.9801310300827026
            ],
            [
                9.520916277594438e-10,
                1.0
            ],
            [
                0.005067647434771061,
                0.9949323534965515
            ],
            [
                0.9850705862045288,
                0.014929431490600109
            ],
            [
                0.6841442584991455,
                0.3158557713031769
            ],
            [
                0.9999884366989136,
                1.1510799595271237e-05
            ],
            [
                0.005259010475128889,
                0.9947409629821777
            ],
            [
                3.041155423488817e-06,
                0.9999969005584717
            ],
            [
                0.9999978542327881,
                2.097619699270581e-06
            ]
        ],
        "num_samples": 18
    },
    "args": {
        "labels_csv": "extra_benign_case_grade_match.csv",
        "patches_dir": "/projects/e32998/patches_benign_split",
        "runs_dir": "./runs_analysis",
        "epochs": 30,
        "lr": 0.000208,
        "batch_size": 1,
        "num_workers": 2,
        "embed_dim": 512,
        "per_slice_cap": 800,
        "max_slices_per_stain": 5,
        "seed": 1,
        "resume": null,
        "eval_only": false,
        "analyze_attention": false,
        "attention_top_n": 5,
        "load_splits": "./no_train_val_leakage_splits/data_splits_new_01.npz",
        "checkpoint_dir": "./runs_analysis/20260312_160250_split1_seed1/checkpoints"
    }
}