{
    "train": {
        "best_val_loss": 0.0,
        "epochs": 0
    },
    "test": {
        "test_loss": 0.1672997632138049,
        "test_accuracy": 0.8888888888888888,
        "test_high_grade_recall": 0.8181818181818182,
        "test_benign_recall": 1.0,
        "predictions": [
            1,
            0,
            0,
            1,
            1,
            0,
            0,
            0,
            0,
            1,
            1,
            1,
            0,
            0,
            1,
            1,
            1,
            0
        ],
        "true_labels": [
            1,
            0,
            0,
            1,
            1,
            0,
            0,
            0,
            1,
            1,
            1,
            1,
            1,
            0,
            1,
            1,
            1,
            0
        ],
        "case_ids": [
            1,
            2,
            4,
            12,
            18,
            23,
            30,
            43,
            47,
            52,
            59,
            64,
            69,
            78,
            83,
            89,
            95,
            96
        ],
        "prediction_probs": [
            [
                0.008964222855865955,
                0.9910356998443604
            ],
            [
                0.9972768425941467,
                0.0027231676504015923
            ],
            [
                0.9874576926231384,
                0.012542310170829296
            ],
            [
                0.15881390869617462,
                0.8411861062049866
            ],
            [
                0.3979463279247284,
                0.6020536422729492
            ],
            [
                0.9856706261634827,
                0.01432943157851696
            ],
            [
                0.9964650869369507,
                0.0035348765086382627
            ],
            [
                0.9818092584609985,
                0.018190765753388405
            ],
            [
                0.5436555743217468,
                0.45634445548057556
            ],
            [
                0.004334283526986837,
                0.9956657290458679
            ],
            [
                6.6186184994876385e-06,
                0.9999933242797852
            ],
            [
                0.00011522394197527319,
                0.9998847246170044
            ],
            [
                0.5285260677337646,
                0.47147390246391296
            ],
            [
                0.9888229370117188,
                0.01117712538689375
            ],
            [
                0.02607874944806099,
                0.9739212989807129
            ],
            [
                0.13888809084892273,
                0.8611119389533997
            ],
            [
                0.18678151071071625,
                0.8132184743881226
            ],
            [
                0.7149494886398315,
                0.28505054116249084
            ]
        ],
        "num_samples": 18
    },
    "args": {
        "labels_csv": "extra_benign_case_grade_match.csv",
        "patches_dir": "/projects/e32998/patches_benign_split",
        "runs_dir": "./runs_best_analysis",
        "epochs": 30,
        "lr": 0.000208,
        "batch_size": 1,
        "num_workers": 2,
        "embed_dim": 512,
        "per_slice_cap": 800,
        "max_slices_per_stain": 5,
        "seed": 49,
        "resume": "runs_seed_analysis/20260312_191840_split5_seed49/checkpoints/best.pth",
        "eval_only": true,
        "analyze_attention": false,
        "attention_top_n": 5,
        "load_splits": "./no_train_val_leakage_splits/data_splits_new_05.npz",
        "checkpoint_dir": "./runs_best_analysis/20260313_140950_split5_seed49/checkpoints"
    }
}