{
    "train": {
        "best_val_loss": 0.1329414330325053,
        "epochs": 16
    },
    "test": {
        "test_loss": 0.3058688667734436,
        "test_accuracy": 0.9444444444444444,
        "test_high_grade_recall": 1.0,
        "test_benign_recall": 0.8571428571428571,
        "predictions": [
            1,
            1,
            1,
            0,
            0,
            0,
            1,
            1,
            1,
            1,
            1,
            1,
            0,
            1,
            0,
            1,
            1,
            0
        ],
        "true_labels": [
            1,
            1,
            1,
            0,
            0,
            0,
            1,
            1,
            1,
            0,
            1,
            1,
            0,
            1,
            0,
            1,
            1,
            0
        ],
        "case_ids": [
            5,
            14,
            19,
            25,
            27,
            36,
            44,
            49,
            54,
            56,
            66,
            72,
            79,
            84,
            90,
            92,
            98,
            119
        ],
        "prediction_probs": [
            [
                1.9343660824233666e-05,
                0.9999806880950928
            ],
            [
                3.2877263134167833e-09,
                1.0
            ],
            [
                0.0020564114674925804,
                0.9979435801506042
            ],
            [
                0.99986732006073,
                0.00013266922906041145
            ],
            [
                0.9802204370498657,
                0.019779495894908905
            ],
            [
                0.998828113079071,
                0.0011718319728970528
            ],
            [
                0.26335057616233826,
                0.7366493940353394
            ],
            [
                3.2169373298529536e-06,
                0.9999967813491821
            ],
            [
                0.034307949244976044,
                0.9656921029090881
            ],
            [
                0.010839938186109066,
                0.9891601204872131
            ],
            [
                2.5761167421478604e-08,
                1.0
            ],
            [
                0.0042703403159976006,
                0.9957296252250671
            ],
            [
                0.9943821430206299,
                0.005617787595838308
            ],
            [
                0.18011848628520966,
                0.8198814988136292
            ],
            [
                0.9999910593032837,
                8.985476597445086e-06
            ],
            [
                0.3349602520465851,
                0.6650397777557373
            ],
            [
                0.0007702249567955732,
                0.9992297887802124
            ],
            [
                0.9999924898147583,
                7.494315468647983e-06
            ]
        ],
        "num_samples": 18
    },
    "args": {
        "labels_csv": "extra_benign_case_grade_match.csv",
        "patches_dir": "/projects/e32998/patches_benign_split",
        "runs_dir": "./runs_seed_analysis",
        "epochs": 30,
        "lr": 0.000208,
        "batch_size": 1,
        "num_workers": 2,
        "embed_dim": 512,
        "per_slice_cap": 800,
        "max_slices_per_stain": 5,
        "seed": 9,
        "resume": null,
        "eval_only": false,
        "analyze_attention": false,
        "attention_top_n": 5,
        "load_splits": "./no_train_val_leakage_splits/data_splits_new_01.npz",
        "checkpoint_dir": "./runs_seed_analysis/20260312_191837_split1_seed9/checkpoints"
    }
}