{
    "train": {
        "best_val_loss": 0.0,
        "epochs": 0
    },
    "test": {
        "test_loss": 0.32512123051865754,
        "test_accuracy": 0.9473684210526315,
        "test_high_grade_recall": 1.0,
        "test_benign_recall": 0.8571428571428571,
        "predictions": [
            1,
            1,
            1,
            1,
            1,
            0,
            1,
            1,
            1,
            1,
            1,
            0,
            0,
            1,
            1,
            1,
            0,
            0,
            0
        ],
        "true_labels": [
            1,
            1,
            0,
            1,
            1,
            0,
            1,
            1,
            1,
            1,
            1,
            0,
            0,
            1,
            1,
            1,
            0,
            0,
            0
        ],
        "case_ids": [
            9,
            16,
            26,
            32,
            40,
            45,
            50,
            55,
            60,
            67,
            73,
            82,
            86,
            91,
            99,
            101,
            109,
            110,
            111
        ],
        "prediction_probs": [
            [
                0.0002576592960394919,
                0.999742329120636
            ],
            [
                0.009067192673683167,
                0.990932822227478
            ],
            [
                0.012022525072097778,
                0.9879774451255798
            ],
            [
                0.3559705317020416,
                0.644029438495636
            ],
            [
                2.511449929443188e-05,
                0.9999748468399048
            ],
            [
                0.6423129439353943,
                0.3576871454715729
            ],
            [
                0.02687029168009758,
                0.9731297492980957
            ],
            [
                1.5139262066199421e-09,
                1.0
            ],
            [
                0.1723262220621109,
                0.8276737928390503
            ],
            [
                0.0006371290073730052,
                0.9993628859519958
            ],
            [
                0.0020841467194259167,
                0.9979158043861389
            ],
            [
                0.9996084570884705,
                0.00039156575803644955
            ],
            [
                0.5802410244941711,
                0.41975900530815125
            ],
            [
                0.013056522235274315,
                0.9869434833526611
            ],
            [
                0.00018809078028425574,
                0.9998119473457336
            ],
            [
                7.867413842177484e-06,
                0.9999921321868896
            ],
            [
                0.98313969373703,
                0.01686031185090542
            ],
            [
                0.9998300075531006,
                0.00017001581727527082
            ],
            [
                0.9324548244476318,
                0.06754516065120697
            ]
        ],
        "num_samples": 19
    },
    "args": {
        "labels_csv": "extra_benign_case_grade_match.csv",
        "patches_dir": "/projects/e32998/patches_benign_split",
        "runs_dir": "./runs_best_analysis",
        "epochs": 30,
        "lr": 0.000208,
        "batch_size": 1,
        "num_workers": 2,
        "embed_dim": 512,
        "per_slice_cap": 800,
        "max_slices_per_stain": 5,
        "seed": 100,
        "resume": "runs_seed_analysis/20260312_191842_split2_seed100/checkpoints/best.pth",
        "eval_only": true,
        "analyze_attention": false,
        "attention_top_n": 5,
        "load_splits": "./no_train_val_leakage_splits/data_splits_new_02.npz",
        "checkpoint_dir": "./runs_best_analysis/20260313_140950_split2_seed100/checkpoints"
    }
}