{
    "train": {
        "best_val_loss": 0.0,
        "epochs": 0
    },
    "test": {
        "test_loss": 0.28189977667190963,
        "test_accuracy": 0.9444444444444444,
        "test_high_grade_recall": 0.9090909090909091,
        "test_benign_recall": 1.0,
        "predictions": [
            1,
            0,
            0,
            1,
            0,
            0,
            0,
            0,
            1,
            1,
            1,
            1,
            1,
            0,
            1,
            1,
            1,
            0
        ],
        "true_labels": [
            1,
            0,
            0,
            1,
            1,
            0,
            0,
            0,
            1,
            1,
            1,
            1,
            1,
            0,
            1,
            1,
            1,
            0
        ],
        "case_ids": [
            1,
            2,
            4,
            12,
            18,
            23,
            30,
            43,
            47,
            52,
            59,
            64,
            69,
            78,
            83,
            89,
            95,
            96
        ],
        "prediction_probs": [
            [
                0.19627778232097626,
                0.8037222027778625
            ],
            [
                0.9672425985336304,
                0.032757360488176346
            ],
            [
                0.8676178455352783,
                0.13238213956356049
            ],
            [
                0.48118364810943604,
                0.5188162922859192
            ],
            [
                0.6216241717338562,
                0.3783757984638214
            ],
            [
                0.8859280347824097,
                0.11407202482223511
            ],
            [
                0.9898826479911804,
                0.01011739019304514
            ],
            [
                0.5850062966346741,
                0.41499367356300354
            ],
            [
                0.22312235832214355,
                0.7768776416778564
            ],
            [
                0.05237630754709244,
                0.947623610496521
            ],
            [
                0.007678083144128323,
                0.9923219084739685
            ],
            [
                0.021657779812812805,
                0.9783422946929932
            ],
            [
                0.37911921739578247,
                0.6208807229995728
            ],
            [
                0.8165128231048584,
                0.1834871768951416
            ],
            [
                0.0536341592669487,
                0.9463658928871155
            ],
            [
                0.35519522428512573,
                0.6448047757148743
            ],
            [
                0.2047176957130432,
                0.795282244682312
            ],
            [
                0.5237734317779541,
                0.4762265384197235
            ]
        ],
        "num_samples": 18
    },
    "args": {
        "labels_csv": "extra_benign_case_grade_match.csv",
        "patches_dir": "/projects/e32998/patches_benign_split",
        "runs_dir": "./runs_best_analysis",
        "epochs": 30,
        "lr": 0.000208,
        "batch_size": 1,
        "num_workers": 2,
        "embed_dim": 512,
        "per_slice_cap": 800,
        "max_slices_per_stain": 5,
        "seed": 1,
        "resume": "runs_seed_analysis/20260312_191819_split5_seed1/checkpoints/best.pth",
        "eval_only": true,
        "analyze_attention": false,
        "attention_top_n": 5,
        "load_splits": "./no_train_val_leakage_splits/data_splits_new_05.npz",
        "checkpoint_dir": "./runs_best_analysis/20260313_140950_split5_seed1/checkpoints"
    }
}