{
    "train": {
        "best_val_loss": 0.14856589263178266,
        "epochs": 19
    },
    "test": {
        "test_loss": 0.2239026097130237,
        "test_accuracy": 0.8333333333333334,
        "test_high_grade_recall": 0.7272727272727273,
        "test_benign_recall": 1.0,
        "predictions": [
            1,
            0,
            0,
            1,
            0,
            0,
            0,
            0,
            0,
            1,
            1,
            1,
            0,
            0,
            1,
            1,
            1,
            0
        ],
        "true_labels": [
            1,
            0,
            0,
            1,
            1,
            0,
            0,
            0,
            1,
            1,
            1,
            1,
            1,
            0,
            1,
            1,
            1,
            0
        ],
        "case_ids": [
            1,
            2,
            4,
            12,
            18,
            23,
            30,
            43,
            47,
            52,
            59,
            64,
            69,
            78,
            83,
            89,
            95,
            96
        ],
        "prediction_probs": [
            [
                0.018379459157586098,
                0.9816205501556396
            ],
            [
                0.999716579914093,
                0.00028336362447589636
            ],
            [
                0.9951114058494568,
                0.004888633731752634
            ],
            [
                0.06174006685614586,
                0.9382599592208862
            ],
            [
                0.6315093040466309,
                0.36849066615104675
            ],
            [
                0.9948520064353943,
                0.005147966090589762
            ],
            [
                0.9994219541549683,
                0.0005780666833743453
            ],
            [
                0.9888926148414612,
                0.011107326485216618
            ],
            [
                0.582665205001831,
                0.41733476519584656
            ],
            [
                0.0005703532369807363,
                0.9994296431541443
            ],
            [
                9.39208632644295e-07,
                0.9999990463256836
            ],
            [
                2.668801971594803e-05,
                0.9999732971191406
            ],
            [
                0.8081185817718506,
                0.19188141822814941
            ],
            [
                0.995236337184906,
                0.004763633478432894
            ],
            [
                0.0016434931894764304,
                0.9983565211296082
            ],
            [
                0.10405153781175613,
                0.8959484696388245
            ],
            [
                0.15782782435417175,
                0.8421722054481506
            ],
            [
                0.8921419978141785,
                0.10785793513059616
            ]
        ],
        "num_samples": 18
    },
    "args": {
        "labels_csv": "extra_benign_case_grade_match.csv",
        "patches_dir": "/projects/e32998/patches_benign_split",
        "runs_dir": "./runs_seed_analysis",
        "epochs": 30,
        "lr": 0.000208,
        "batch_size": 1,
        "num_workers": 2,
        "embed_dim": 512,
        "per_slice_cap": 800,
        "max_slices_per_stain": 5,
        "seed": 49,
        "resume": null,
        "eval_only": false,
        "analyze_attention": false,
        "attention_top_n": 5,
        "load_splits": "./no_train_val_leakage_splits/data_splits_new_05.npz",
        "checkpoint_dir": "./runs_seed_analysis/20260312_191840_split5_seed49/checkpoints"
    }
}