{
    "train": {
        "best_val_loss": 0.043244315161189206,
        "epochs": 25
    },
    "test": {
        "test_loss": 0.1533646149197961,
        "test_accuracy": 0.9444444444444444,
        "test_high_grade_recall": 1.0,
        "test_benign_recall": 0.8571428571428571,
        "predictions": [
            1,
            1,
            1,
            0,
            0,
            0,
            1,
            1,
            1,
            1,
            1,
            1,
            0,
            1,
            0,
            1,
            1,
            0
        ],
        "true_labels": [
            1,
            1,
            1,
            0,
            0,
            0,
            1,
            1,
            1,
            0,
            1,
            1,
            0,
            1,
            0,
            1,
            1,
            0
        ],
        "case_ids": [
            5,
            14,
            19,
            25,
            27,
            36,
            44,
            49,
            54,
            56,
            66,
            72,
            79,
            84,
            90,
            92,
            98,
            119
        ],
        "prediction_probs": [
            [
                1.6482365694514556e-08,
                1.0
            ],
            [
                2.5168450656920527e-11,
                1.0
            ],
            [
                0.00019284691370557994,
                0.9998071789741516
            ],
            [
                0.9999680519104004,
                3.190327697666362e-05
            ],
            [
                0.9990045428276062,
                0.000995461829006672
            ],
            [
                0.9996008276939392,
                0.00039916648529469967
            ],
            [
                0.044560328125953674,
                0.9554396271705627
            ],
            [
                8.222576752814348e-08,
                0.9999998807907104
            ],
            [
                0.02149360068142414,
                0.9785063862800598
            ],
            [
                0.08126623183488846,
                0.9187337756156921
            ],
            [
                5.092814364671128e-11,
                1.0
            ],
            [
                0.05944455787539482,
                0.9405554533004761
            ],
            [
                0.9977573752403259,
                0.00224268133752048
            ],
            [
                0.07419678568840027,
                0.9258031845092773
            ],
            [
                0.9999984502792358,
                1.5616914197380538e-06
            ],
            [
                0.04004794359207153,
                0.9599520564079285
            ],
            [
                0.00010904716327786446,
                0.999890923500061
            ],
            [
                0.9999996423721313,
                3.8660775203425146e-07
            ]
        ],
        "num_samples": 18
    },
    "args": {
        "labels_csv": "extra_benign_case_grade_match.csv",
        "patches_dir": "/projects/e32998/patches_benign_split",
        "runs_dir": "./runs_seed_analysis",
        "epochs": 30,
        "lr": 0.000208,
        "batch_size": 1,
        "num_workers": 2,
        "embed_dim": 512,
        "per_slice_cap": 800,
        "max_slices_per_stain": 5,
        "seed": 81,
        "resume": null,
        "eval_only": false,
        "analyze_attention": false,
        "attention_top_n": 5,
        "load_splits": "./no_train_val_leakage_splits/data_splits_new_01.npz",
        "checkpoint_dir": "./runs_seed_analysis/20260312_191838_split1_seed81/checkpoints"
    }
}