{
    "train": {
        "best_val_loss": 0.2763079606700462,
        "epochs": 12
    },
    "test": {
        "test_loss": 0.6716786654160862,
        "test_accuracy": 0.7894736842105263,
        "test_high_grade_recall": 0.75,
        "test_benign_recall": 0.8571428571428571,
        "predictions": [
            1,
            0,
            0,
            0,
            1,
            1,
            1,
            1,
            1,
            0,
            1,
            0,
            0,
            1,
            0,
            1,
            1,
            0,
            0
        ],
        "true_labels": [
            1,
            1,
            0,
            0,
            1,
            1,
            0,
            1,
            1,
            1,
            1,
            1,
            0,
            1,
            0,
            1,
            1,
            0,
            0
        ],
        "case_ids": [
            7,
            15,
            22,
            28,
            38,
            41,
            46,
            51,
            57,
            61,
            68,
            75,
            85,
            87,
            93,
            100,
            104,
            107,
            108
        ],
        "prediction_probs": [
            [
                6.24813267791069e-08,
                0.9999998807907104
            ],
            [
                0.8898691534996033,
                0.11013081669807434
            ],
            [
                0.9998856782913208,
                0.00011426785931689665
            ],
            [
                0.9998069405555725,
                0.00019307745969854295
            ],
            [
                0.00013441796181723475,
                0.9998655319213867
            ],
            [
                9.749699529493228e-06,
                0.9999902248382568
            ],
            [
                0.0005245583597570658,
                0.9994754195213318
            ],
            [
                0.004706901963800192,
                0.9952930808067322
            ],
            [
                9.678063179308083e-06,
                0.9999903440475464
            ],
            [
                0.6638792157173157,
                0.3361208140850067
            ],
            [
                0.0008817745838314295,
                0.9991182684898376
            ],
            [
                0.8476871848106384,
                0.15231283009052277
            ],
            [
                0.9979183077812195,
                0.0020817164331674576
            ],
            [
                0.0001393453130731359,
                0.9998606443405151
            ],
            [
                0.9783751368522644,
                0.021624812856316566
            ],
            [
                0.00018805275612976402,
                0.9998119473457336
            ],
            [
                1.712670382403303e-05,
                0.9999828338623047
            ],
            [
                0.9999862909317017,
                1.36844737426145e-05
            ],
            [
                0.9996151924133301,
                0.0003848346823360771
            ]
        ],
        "num_samples": 19
    },
    "args": {
        "labels_csv": "extra_benign_case_grade_match.csv",
        "patches_dir": "/projects/e32998/patches_benign_split",
        "runs_dir": "./runs_seed_analysis",
        "epochs": 30,
        "lr": 0.000208,
        "batch_size": 1,
        "num_workers": 2,
        "embed_dim": 512,
        "per_slice_cap": 800,
        "max_slices_per_stain": 5,
        "seed": 64,
        "resume": null,
        "eval_only": false,
        "analyze_attention": false,
        "attention_top_n": 5,
        "load_splits": "./no_train_val_leakage_splits/data_splits_new_03.npz",
        "checkpoint_dir": "./runs_seed_analysis/20260312_191840_split3_seed64/checkpoints"
    }
}