{
    "train": {
        "best_val_loss": 0.3114180440043876,
        "epochs": 14
    },
    "test": {
        "test_loss": 0.07919499374573373,
        "test_accuracy": 0.9473684210526315,
        "test_high_grade_recall": 0.9166666666666666,
        "test_benign_recall": 1.0,
        "predictions": [
            1,
            1,
            1,
            0,
            0,
            0,
            1,
            1,
            0,
            1,
            1,
            0,
            0,
            1,
            1,
            0,
            1,
            1,
            0
        ],
        "true_labels": [
            1,
            1,
            1,
            0,
            0,
            0,
            1,
            1,
            0,
            1,
            1,
            1,
            0,
            1,
            1,
            0,
            1,
            1,
            0
        ],
        "case_ids": [
            3,
            11,
            17,
            21,
            24,
            34,
            42,
            48,
            53,
            58,
            63,
            70,
            77,
            80,
            88,
            94,
            97,
            106,
            118
        ],
        "prediction_probs": [
            [
                3.7978288673912175e-06,
                0.9999961853027344
            ],
            [
                0.08047175407409668,
                0.9195282459259033
            ],
            [
                0.005767493043094873,
                0.9942324757575989
            ],
            [
                0.9961621761322021,
                0.0038378192111849785
            ],
            [
                0.9996078610420227,
                0.0003922156465705484
            ],
            [
                0.9999964237213135,
                3.593566816562088e-06
            ],
            [
                0.004492208827286959,
                0.9955078363418579
            ],
            [
                0.00752256577834487,
                0.9924774765968323
            ],
            [
                0.9994196891784668,
                0.0005803594249300659
            ],
            [
                2.748577571765054e-06,
                0.9999972581863403
            ],
            [
                1.8455490135238506e-05,
                0.9999815225601196
            ],
            [
                0.7220458984375,
                0.2779540419578552
            ],
            [
                0.9966487288475037,
                0.0033513072412461042
            ],
            [
                1.3638030793572398e-07,
                0.9999998807907104
            ],
            [
                0.029811713844537735,
                0.970188319683075
            ],
            [
                0.9820563197135925,
                0.017943760380148888
            ],
            [
                0.0637645423412323,
                0.9362354874610901
            ],
            [
                5.762508976658864e-07,
                0.9999994039535522
            ],
            [
                0.9997907280921936,
                0.0002092498616548255
            ]
        ],
        "num_samples": 19
    },
    "args": {
        "labels_csv": "extra_benign_case_grade_match.csv",
        "patches_dir": "/projects/e32998/patches_benign_split",
        "runs_dir": "./runs_seed_analysis",
        "epochs": 30,
        "lr": 0.000208,
        "batch_size": 1,
        "num_workers": 2,
        "embed_dim": 512,
        "per_slice_cap": 800,
        "max_slices_per_stain": 5,
        "seed": 36,
        "resume": null,
        "eval_only": false,
        "analyze_attention": false,
        "attention_top_n": 5,
        "load_splits": "./no_train_val_leakage_splits/data_splits_new_04.npz",
        "checkpoint_dir": "./runs_seed_analysis/20260312_191839_split4_seed36/checkpoints"
    }
}