{
    "train": {
        "best_val_loss": 0.23326903443873898,
        "epochs": 12
    },
    "test": {
        "test_loss": 0.4968080308705381,
        "test_accuracy": 0.8947368421052632,
        "test_high_grade_recall": 1.0,
        "test_benign_recall": 0.7142857142857143,
        "predictions": [
            1,
            1,
            0,
            0,
            1,
            1,
            1,
            1,
            1,
            1,
            1,
            1,
            0,
            1,
            1,
            1,
            1,
            0,
            0
        ],
        "true_labels": [
            1,
            1,
            0,
            0,
            1,
            1,
            0,
            1,
            1,
            1,
            1,
            1,
            0,
            1,
            0,
            1,
            1,
            0,
            0
        ],
        "case_ids": [
            7,
            15,
            22,
            28,
            38,
            41,
            46,
            51,
            57,
            61,
            68,
            75,
            85,
            87,
            93,
            100,
            104,
            107,
            108
        ],
        "prediction_probs": [
            [
                5.057619878456876e-10,
                1.0
            ],
            [
                0.3847521245479584,
                0.6152478456497192
            ],
            [
                0.9996640682220459,
                0.00033593602711334825
            ],
            [
                0.9989030361175537,
                0.0010969155700877309
            ],
            [
                1.8307362552150153e-05,
                0.9999816417694092
            ],
            [
                4.217669811623637e-06,
                0.9999958276748657
            ],
            [
                0.04477064684033394,
                0.9552293419837952
            ],
            [
                0.13735012710094452,
                0.8626498579978943
            ],
            [
                6.124058700152091e-07,
                0.9999994039535522
            ],
            [
                0.1316598355770111,
                0.8683401942253113
            ],
            [
                0.0008898315136320889,
                0.9991101622581482
            ],
            [
                0.01798902451992035,
                0.9820110201835632
            ],
            [
                0.9990808963775635,
                0.0009191327844746411
            ],
            [
                4.889840965915937e-06,
                0.9999951124191284
            ],
            [
                0.003946251701563597,
                0.9960536956787109
            ],
            [
                1.5099479924174375e-06,
                0.9999984502792358
            ],
            [
                5.989084002067102e-06,
                0.9999940395355225
            ],
            [
                0.9998639822006226,
                0.00013596241478808224
            ],
            [
                0.9980565905570984,
                0.0019434368005022407
            ]
        ],
        "num_samples": 19
    },
    "args": {
        "labels_csv": "extra_benign_case_grade_match.csv",
        "patches_dir": "/projects/e32998/patches_benign_split",
        "runs_dir": "./runs_seed_analysis",
        "epochs": 30,
        "lr": 0.000208,
        "batch_size": 1,
        "num_workers": 2,
        "embed_dim": 512,
        "per_slice_cap": 800,
        "max_slices_per_stain": 5,
        "seed": 100,
        "resume": null,
        "eval_only": false,
        "analyze_attention": false,
        "attention_top_n": 5,
        "load_splits": "./no_train_val_leakage_splits/data_splits_new_03.npz",
        "checkpoint_dir": "./runs_seed_analysis/20260312_191839_split3_seed100/checkpoints"
    }
}