{
    "train": {
        "best_val_loss": 0.0,
        "epochs": 0
    },
    "test": {
        "test_loss": 0.31940008719589563,
        "test_accuracy": 0.7777777777777778,
        "test_high_grade_recall": 0.6363636363636364,
        "test_benign_recall": 1.0,
        "predictions": [
            1,
            0,
            0,
            1,
            0,
            0,
            0,
            0,
            0,
            1,
            1,
            1,
            0,
            0,
            1,
            0,
            1,
            0
        ],
        "true_labels": [
            1,
            0,
            0,
            1,
            1,
            0,
            0,
            0,
            1,
            1,
            1,
            1,
            1,
            0,
            1,
            1,
            1,
            0
        ],
        "case_ids": [
            1,
            2,
            4,
            12,
            18,
            23,
            30,
            43,
            47,
            52,
            59,
            64,
            69,
            78,
            83,
            89,
            95,
            96
        ],
        "prediction_probs": [
            [
                0.25526079535484314,
                0.7447391748428345
            ],
            [
                0.986474335193634,
                0.01352563127875328
            ],
            [
                0.878667414188385,
                0.12133254110813141
            ],
            [
                0.1769360601902008,
                0.8230639100074768
            ],
            [
                0.5421187281608582,
                0.45788127183914185
            ],
            [
                0.9520496129989624,
                0.04795043542981148
            ],
            [
                0.9736292958259583,
                0.026370719075202942
            ],
            [
                0.9557871222496033,
                0.04421287402510643
            ],
            [
                0.6901184320449829,
                0.3098815977573395
            ],
            [
                0.00026466092094779015,
                0.9997352957725525
            ],
            [
                1.252158654097002e-05,
                0.9999874830245972
            ],
            [
                0.0005064982688054442,
                0.9994934797286987
            ],
            [
                0.7448903918266296,
                0.255109578371048
            ],
            [
                0.9268913865089417,
                0.07310859113931656
            ],
            [
                0.00018141549662686884,
                0.9998186230659485
            ],
            [
                0.5613068342208862,
                0.43869319558143616
            ],
            [
                0.4180546998977661,
                0.5819453001022339
            ],
            [
                0.790793240070343,
                0.20920681953430176
            ]
        ],
        "num_samples": 18
    },
    "args": {
        "labels_csv": "extra_benign_case_grade_match.csv",
        "patches_dir": "/projects/e32998/patches_benign_split",
        "runs_dir": "./runs_best_analysis",
        "epochs": 30,
        "lr": 0.000208,
        "batch_size": 1,
        "num_workers": 2,
        "embed_dim": 512,
        "per_slice_cap": 800,
        "max_slices_per_stain": 5,
        "seed": 16,
        "resume": "runs_seed_analysis/20260312_191840_split5_seed16/checkpoints/best.pth",
        "eval_only": true,
        "analyze_attention": false,
        "attention_top_n": 5,
        "load_splits": "./no_train_val_leakage_splits/data_splits_new_05.npz",
        "checkpoint_dir": "./runs_best_analysis/20260313_140950_split5_seed16/checkpoints"
    }
}