{
    "train": {
        "best_val_loss": 0.24318060350946635,
        "epochs": 14
    },
    "test": {
        "test_loss": 0.13893964957269767,
        "test_accuracy": 0.8888888888888888,
        "test_high_grade_recall": 0.8181818181818182,
        "test_benign_recall": 1.0,
        "predictions": [
            1,
            0,
            0,
            1,
            0,
            0,
            0,
            0,
            1,
            1,
            1,
            1,
            0,
            0,
            1,
            1,
            1,
            0
        ],
        "true_labels": [
            1,
            0,
            0,
            1,
            1,
            0,
            0,
            0,
            1,
            1,
            1,
            1,
            1,
            0,
            1,
            1,
            1,
            0
        ],
        "case_ids": [
            1,
            2,
            4,
            12,
            18,
            23,
            30,
            43,
            47,
            52,
            59,
            64,
            69,
            78,
            83,
            89,
            95,
            96
        ],
        "prediction_probs": [
            [
                0.012132988311350346,
                0.987866997718811
            ],
            [
                0.9998900890350342,
                0.000109914704808034
            ],
            [
                0.989949107170105,
                0.010050912387669086
            ],
            [
                0.008487257175147533,
                0.9915127158164978
            ],
            [
                0.7283114194869995,
                0.2716886103153229
            ],
            [
                0.9892736077308655,
                0.0107263857498765
            ],
            [
                0.9999293088912964,
                7.066217222018167e-05
            ],
            [
                0.9653511643409729,
                0.03464891016483307
            ],
            [
                0.0010461244964972138,
                0.9989538192749023
            ],
            [
                1.0763042155303992e-05,
                0.9999892711639404
            ],
            [
                2.213898540048831e-07,
                0.9999997615814209
            ],
            [
                2.383917490078602e-06,
                0.999997615814209
            ],
            [
                0.5345600247383118,
                0.4654400050640106
            ],
            [
                0.7915827035903931,
                0.20841723680496216
            ],
            [
                1.0008375284087379e-06,
                0.9999990463256836
            ],
            [
                0.0031650131568312645,
                0.9968350529670715
            ],
            [
                0.09456736594438553,
                0.9054326415061951
            ],
            [
                0.9814855456352234,
                0.018514441326260567
            ]
        ],
        "num_samples": 18
    },
    "args": {
        "labels_csv": "extra_benign_case_grade_match.csv",
        "patches_dir": "/projects/e32998/patches_benign_split",
        "runs_dir": "./runs_seed_analysis",
        "epochs": 30,
        "lr": 0.000208,
        "batch_size": 1,
        "num_workers": 2,
        "embed_dim": 512,
        "per_slice_cap": 800,
        "max_slices_per_stain": 5,
        "seed": 36,
        "resume": null,
        "eval_only": false,
        "analyze_attention": false,
        "attention_top_n": 5,
        "load_splits": "./no_train_val_leakage_splits/data_splits_new_05.npz",
        "checkpoint_dir": "./runs_seed_analysis/20260312_191840_split5_seed36/checkpoints"
    }
}