{
    "train": {
        "best_val_loss": 0.08086813784087907,
        "epochs": 30
    },
    "test": {
        "test_loss": 0.2732256151527774,
        "test_accuracy": 0.9444444444444444,
        "test_high_grade_recall": 1.0,
        "test_benign_recall": 0.8571428571428571,
        "predictions": [
            1,
            1,
            1,
            0,
            0,
            0,
            1,
            1,
            1,
            1,
            1,
            1,
            0,
            1,
            0,
            1,
            1,
            0
        ],
        "true_labels": [
            1,
            1,
            1,
            0,
            0,
            0,
            1,
            1,
            1,
            0,
            1,
            1,
            0,
            1,
            0,
            1,
            1,
            0
        ],
        "case_ids": [
            5,
            14,
            19,
            25,
            27,
            36,
            44,
            49,
            54,
            56,
            66,
            72,
            79,
            84,
            90,
            92,
            98,
            119
        ],
        "prediction_probs": [
            [
                8.505573987349635e-07,
                0.9999991655349731
            ],
            [
                1.7133375274092089e-10,
                1.0
            ],
            [
                4.614173576555913e-06,
                0.9999953508377075
            ],
            [
                0.9998587369918823,
                0.00014124438166618347
            ],
            [
                0.9987271428108215,
                0.0012728354195132852
            ],
            [
                0.9956573247909546,
                0.004342637490481138
            ],
            [
                0.05426173284649849,
                0.9457383155822754
            ],
            [
                2.904934444813989e-05,
                0.9999709129333496
            ],
            [
                0.006890414282679558,
                0.9931095838546753
            ],
            [
                0.013575233519077301,
                0.9864248037338257
            ],
            [
                6.541187036468443e-11,
                1.0
            ],
            [
                0.006989814341068268,
                0.9930101037025452
            ],
            [
                0.8493697047233582,
                0.15063023567199707
            ],
            [
                0.31293538212776184,
                0.6870645880699158
            ],
            [
                0.9999194145202637,
                8.053894271142781e-05
            ],
            [
                0.004284326918423176,
                0.9957156777381897
            ],
            [
                6.48404165985994e-05,
                0.9999351501464844
            ],
            [
                0.9999933242797852,
                6.719461907778168e-06
            ]
        ],
        "num_samples": 18
    },
    "args": {
        "labels_csv": "extra_benign_case_grade_match.csv",
        "patches_dir": "/projects/e32998/patches_benign_split",
        "runs_dir": "./runs_seed_analysis",
        "epochs": 30,
        "lr": 0.000208,
        "batch_size": 1,
        "num_workers": 2,
        "embed_dim": 512,
        "per_slice_cap": 800,
        "max_slices_per_stain": 5,
        "seed": 25,
        "resume": null,
        "eval_only": false,
        "analyze_attention": false,
        "attention_top_n": 5,
        "load_splits": "./no_train_val_leakage_splits/data_splits_new_01.npz",
        "checkpoint_dir": "./runs_seed_analysis/20260312_191840_split1_seed25/checkpoints"
    }
}