{
    "train": {
        "best_val_loss": 0.0,
        "epochs": 0
    },
    "test": {
        "test_loss": 0.2773338739370672,
        "test_accuracy": 0.9444444444444444,
        "test_high_grade_recall": 1.0,
        "test_benign_recall": 0.8571428571428571,
        "predictions": [
            1,
            1,
            1,
            0,
            0,
            0,
            1,
            1,
            1,
            1,
            1,
            1,
            0,
            1,
            0,
            1,
            1,
            0
        ],
        "true_labels": [
            1,
            1,
            1,
            0,
            0,
            0,
            1,
            1,
            1,
            0,
            1,
            1,
            0,
            1,
            0,
            1,
            1,
            0
        ],
        "case_ids": [
            5,
            14,
            19,
            25,
            27,
            36,
            44,
            49,
            54,
            56,
            66,
            72,
            79,
            84,
            90,
            92,
            98,
            119
        ],
        "prediction_probs": [
            [
                3.033815971775766e-07,
                0.9999996423721313
            ],
            [
                5.3875606198516834e-09,
                1.0
            ],
            [
                5.378200876293704e-05,
                0.9999462366104126
            ],
            [
                0.9998047947883606,
                0.00019524269737303257
            ],
            [
                0.9843789935112,
                0.015621050260961056
            ],
            [
                0.9994106292724609,
                0.0005893908091820776
            ],
            [
                0.006017526611685753,
                0.9939824938774109
            ],
            [
                2.1644160369760357e-05,
                0.9999783039093018
            ],
            [
                0.01540094893425703,
                0.9845991134643555
            ],
            [
                0.007490680553019047,
                0.9925092458724976
            ],
            [
                4.575584711119518e-08,
                1.0
            ],
            [
                0.03389742225408554,
                0.9661026000976562
            ],
            [
                0.9991065859794617,
                0.0008933846838772297
            ],
            [
                0.014366425573825836,
                0.9856335520744324
            ],
            [
                0.999996542930603,
                3.44272552865732e-06
            ],
            [
                0.009809719398617744,
                0.9901902675628662
            ],
            [
                3.709922020789236e-05,
                0.9999629259109497
            ],
            [
                0.9999953508377075,
                4.654231815948151e-06
            ]
        ],
        "num_samples": 18
    },
    "args": {
        "labels_csv": "extra_benign_case_grade_match.csv",
        "patches_dir": "/projects/e32998/patches_benign_split",
        "runs_dir": "./runs_best_analysis",
        "epochs": 30,
        "lr": 0.000208,
        "batch_size": 1,
        "num_workers": 2,
        "embed_dim": 512,
        "per_slice_cap": 800,
        "max_slices_per_stain": 5,
        "seed": 49,
        "resume": "runs_seed_analysis/20260312_191839_split1_seed49/checkpoints/best.pth",
        "eval_only": true,
        "analyze_attention": false,
        "attention_top_n": 5,
        "load_splits": "./no_train_val_leakage_splits/data_splits_new_01.npz",
        "checkpoint_dir": "./runs_best_analysis/20260313_140942_split1_seed49/checkpoints"
    }
}