{
    "train": {
        "best_val_loss": 0.0,
        "epochs": 0
    },
    "test": {
        "test_loss": 0.40441942501469286,
        "test_accuracy": 0.8333333333333334,
        "test_high_grade_recall": 0.7272727272727273,
        "test_benign_recall": 1.0,
        "predictions": [
            1,
            0,
            0,
            1,
            0,
            0,
            0,
            0,
            0,
            1,
            1,
            1,
            0,
            0,
            1,
            1,
            1,
            0
        ],
        "true_labels": [
            1,
            0,
            0,
            1,
            1,
            0,
            0,
            0,
            1,
            1,
            1,
            1,
            1,
            0,
            1,
            1,
            1,
            0
        ],
        "case_ids": [
            1,
            2,
            4,
            12,
            18,
            23,
            30,
            43,
            47,
            52,
            59,
            64,
            69,
            78,
            83,
            89,
            95,
            96
        ],
        "prediction_probs": [
            [
                0.005053396336734295,
                0.9949466586112976
            ],
            [
                0.9998025298118591,
                0.00019748062186408788
            ],
            [
                0.9981599450111389,
                0.0018400379922240973
            ],
            [
                0.3867763578891754,
                0.6132236123085022
            ],
            [
                0.9784581065177917,
                0.021541889756917953
            ],
            [
                0.9993416666984558,
                0.0006582759669981897
            ],
            [
                0.9999116659164429,
                8.827479177853093e-05
            ],
            [
                0.875331461429596,
                0.12466852366924286
            ],
            [
                0.5297959446907043,
                0.4702039957046509
            ],
            [
                0.000361996324500069,
                0.9996379613876343
            ],
            [
                1.6862959455465898e-06,
                0.9999983310699463
            ],
            [
                0.00024618589668534696,
                0.9997537732124329
            ],
            [
                0.7865106463432312,
                0.21348936855793
            ],
            [
                0.987788736820221,
                0.012211231514811516
            ],
            [
                7.6117448770673946e-06,
                0.9999923706054688
            ],
            [
                0.026927286759018898,
                0.9730727076530457
            ],
            [
                0.04202258959412575,
                0.9579774141311646
            ],
            [
                0.6505905389785767,
                0.34940943121910095
            ]
        ],
        "num_samples": 18
    },
    "args": {
        "labels_csv": "extra_benign_case_grade_match.csv",
        "patches_dir": "/projects/e32998/patches_benign_split",
        "runs_dir": "./runs_best_analysis",
        "epochs": 30,
        "lr": 0.000208,
        "batch_size": 1,
        "num_workers": 2,
        "embed_dim": 512,
        "per_slice_cap": 800,
        "max_slices_per_stain": 5,
        "seed": 4,
        "resume": "runs_seed_analysis/20260312_191819_split5_seed4/checkpoints/best.pth",
        "eval_only": true,
        "analyze_attention": false,
        "attention_top_n": 5,
        "load_splits": "./no_train_val_leakage_splits/data_splits_new_05.npz",
        "checkpoint_dir": "./runs_best_analysis/20260313_140950_split5_seed4/checkpoints"
    }
}