{
    "train": {
        "best_val_loss": 0.22901071438450848,
        "epochs": 11
    },
    "test": {
        "test_loss": 0.8187376588803779,
        "test_accuracy": 0.7368421052631579,
        "test_high_grade_recall": 1.0,
        "test_benign_recall": 0.2857142857142857,
        "predictions": [
            1,
            1,
            1,
            1,
            1,
            1,
            1,
            1,
            1,
            1,
            1,
            0,
            1,
            1,
            1,
            1,
            1,
            1,
            0
        ],
        "true_labels": [
            1,
            1,
            0,
            1,
            1,
            0,
            1,
            1,
            1,
            1,
            1,
            0,
            0,
            1,
            1,
            1,
            0,
            0,
            0
        ],
        "case_ids": [
            9,
            16,
            26,
            32,
            40,
            45,
            50,
            55,
            60,
            67,
            73,
            82,
            86,
            91,
            99,
            101,
            109,
            110,
            111
        ],
        "prediction_probs": [
            [
                3.1188085358735407e-07,
                0.9999996423721313
            ],
            [
                0.08745678514242172,
                0.9125431776046753
            ],
            [
                0.028476743027567863,
                0.9715232849121094
            ],
            [
                0.3292621076107025,
                0.6707379221916199
            ],
            [
                5.430296823760727e-06,
                0.9999945163726807
            ],
            [
                0.19300203025341034,
                0.8069979548454285
            ],
            [
                0.009449866600334644,
                0.99055016040802
            ],
            [
                1.8975845894608767e-10,
                1.0
            ],
            [
                0.10848361998796463,
                0.8915164470672607
            ],
            [
                3.3583080949028954e-05,
                0.9999663829803467
            ],
            [
                0.00018206184904556721,
                0.9998179078102112
            ],
            [
                0.9994089603424072,
                0.0005910139298066497
            ],
            [
                0.17319506406784058,
                0.8268049955368042
            ],
            [
                4.8278699978254735e-05,
                0.9999517202377319
            ],
            [
                5.8104856179852504e-06,
                0.999994158744812
            ],
            [
                0.0001388720265822485,
                0.9998611211776733
            ],
            [
                0.32372158765792847,
                0.6762784719467163
            ],
            [
                0.0015041799051687121,
                0.9984958171844482
            ],
            [
                0.7009291648864746,
                0.2990708351135254
            ]
        ],
        "num_samples": 19
    },
    "args": {
        "labels_csv": "extra_benign_case_grade_match.csv",
        "patches_dir": "/projects/e32998/patches_benign_split",
        "runs_dir": "./runs_seed_analysis",
        "epochs": 30,
        "lr": 0.000208,
        "batch_size": 1,
        "num_workers": 2,
        "embed_dim": 512,
        "per_slice_cap": 800,
        "max_slices_per_stain": 5,
        "seed": 1,
        "resume": null,
        "eval_only": false,
        "analyze_attention": false,
        "attention_top_n": 5,
        "load_splits": "./no_train_val_leakage_splits/data_splits_new_02.npz",
        "checkpoint_dir": "./runs_seed_analysis/20260312_191819_split2_seed1/checkpoints"
    }
}