{
    "train": {
        "best_val_loss": 0.0,
        "epochs": 0
    },
    "test": {
        "test_loss": 0.5642507377840382,
        "test_accuracy": 0.8421052631578947,
        "test_high_grade_recall": 1.0,
        "test_benign_recall": 0.5714285714285714,
        "predictions": [
            1,
            1,
            1,
            1,
            1,
            1,
            1,
            1,
            1,
            1,
            1,
            0,
            1,
            1,
            1,
            1,
            0,
            0,
            0
        ],
        "true_labels": [
            1,
            1,
            0,
            1,
            1,
            0,
            1,
            1,
            1,
            1,
            1,
            0,
            0,
            1,
            1,
            1,
            0,
            0,
            0
        ],
        "case_ids": [
            9,
            16,
            26,
            32,
            40,
            45,
            50,
            55,
            60,
            67,
            73,
            82,
            86,
            91,
            99,
            101,
            109,
            110,
            111
        ],
        "prediction_probs": [
            [
                4.258125500200549e-06,
                0.9999957084655762
            ],
            [
                0.12676531076431274,
                0.8732346296310425
            ],
            [
                0.020809708163142204,
                0.9791903495788574
            ],
            [
                0.12486588209867477,
                0.8751341700553894
            ],
            [
                9.561363185639493e-06,
                0.9999904632568359
            ],
            [
                0.014123363420367241,
                0.9858766198158264
            ],
            [
                0.013700735755264759,
                0.9862992167472839
            ],
            [
                6.753288595007234e-09,
                1.0
            ],
            [
                0.02745114266872406,
                0.9725488424301147
            ],
            [
                0.00010374939301982522,
                0.9998962879180908
            ],
            [
                0.0007457989850081503,
                0.9992541670799255
            ],
            [
                0.9994826316833496,
                0.0005173612153157592
            ],
            [
                0.14016906917095184,
                0.8598309755325317
            ],
            [
                0.00014907054719515145,
                0.999850869178772
            ],
            [
                1.883399090729654e-05,
                0.999981164932251
            ],
            [
                6.528664380311966e-05,
                0.9999346733093262
            ],
            [
                0.8842812180519104,
                0.11571883410215378
            ],
            [
                0.996931791305542,
                0.0030682117212563753
            ],
            [
                0.8307962417602539,
                0.1692037731409073
            ]
        ],
        "num_samples": 19
    },
    "args": {
        "labels_csv": "extra_benign_case_grade_match.csv",
        "patches_dir": "/projects/e32998/patches_benign_split",
        "runs_dir": "./runs_best_analysis",
        "epochs": 30,
        "lr": 0.000208,
        "batch_size": 1,
        "num_workers": 2,
        "embed_dim": 512,
        "per_slice_cap": 800,
        "max_slices_per_stain": 5,
        "seed": 81,
        "resume": "runs_seed_analysis/20260312_191841_split2_seed81/checkpoints/best.pth",
        "eval_only": true,
        "analyze_attention": false,
        "attention_top_n": 5,
        "load_splits": "./no_train_val_leakage_splits/data_splits_new_02.npz",
        "checkpoint_dir": "./runs_best_analysis/20260313_140950_split2_seed81/checkpoints"
    }
}