{
    "train": {
        "best_val_loss": 0.1765433380117393,
        "epochs": 18
    },
    "test": {
        "test_loss": 0.1356094769880652,
        "test_accuracy": 0.9444444444444444,
        "test_high_grade_recall": 0.9090909090909091,
        "test_benign_recall": 1.0,
        "predictions": [
            0,
            0,
            0,
            1,
            1,
            0,
            0,
            0,
            1,
            1,
            1,
            1,
            1,
            0,
            1,
            1,
            1,
            0
        ],
        "true_labels": [
            1,
            0,
            0,
            1,
            1,
            0,
            0,
            0,
            1,
            1,
            1,
            1,
            1,
            0,
            1,
            1,
            1,
            0
        ],
        "case_ids": [
            1,
            2,
            4,
            12,
            18,
            23,
            30,
            43,
            47,
            52,
            59,
            64,
            69,
            78,
            83,
            89,
            95,
            96
        ],
        "prediction_probs": [
            [
                0.7585861682891846,
                0.2414139062166214
            ],
            [
                0.9999091625213623,
                9.086796490009874e-05
            ],
            [
                0.9985528588294983,
                0.001447084709070623
            ],
            [
                0.002728801453486085,
                0.9972712397575378
            ],
            [
                0.1854477971792221,
                0.8145521879196167
            ],
            [
                0.8347629308700562,
                0.16523708403110504
            ],
            [
                0.9999783039093018,
                2.1740854208474047e-05
            ],
            [
                0.9677225351333618,
                0.032277464866638184
            ],
            [
                0.000829255732242018,
                0.9991707801818848
            ],
            [
                5.0750983064062893e-05,
                0.9999492168426514
            ],
            [
                1.2265374493836134e-07,
                0.9999998807907104
            ],
            [
                1.884277935459977e-06,
                0.9999980926513672
            ],
            [
                0.04589376598596573,
                0.9541062712669373
            ],
            [
                0.9246401190757751,
                0.07535985857248306
            ],
            [
                4.259693014319055e-06,
                0.9999957084655762
            ],
            [
                0.34620076417922974,
                0.6537992358207703
            ],
            [
                0.04062541946768761,
                0.9593745470046997
            ],
            [
                0.9957543611526489,
                0.00424561882391572
            ]
        ],
        "num_samples": 18
    },
    "args": {
        "labels_csv": "extra_benign_case_grade_match.csv",
        "patches_dir": "/projects/e32998/patches_benign_split",
        "runs_dir": "./runs_seed_analysis",
        "epochs": 30,
        "lr": 0.000208,
        "batch_size": 1,
        "num_workers": 2,
        "embed_dim": 512,
        "per_slice_cap": 800,
        "max_slices_per_stain": 5,
        "seed": 64,
        "resume": null,
        "eval_only": false,
        "analyze_attention": false,
        "attention_top_n": 5,
        "load_splits": "./no_train_val_leakage_splits/data_splits_new_05.npz",
        "checkpoint_dir": "./runs_seed_analysis/20260312_191838_split5_seed64/checkpoints"
    }
}