{
    "train": {
        "best_val_loss": 0.22662606251259076,
        "epochs": 12
    },
    "test": {
        "test_loss": 0.30942217789295945,
        "test_accuracy": 0.8888888888888888,
        "test_high_grade_recall": 1.0,
        "test_benign_recall": 0.7142857142857143,
        "predictions": [
            1,
            0,
            0,
            1,
            1,
            0,
            0,
            0,
            1,
            1,
            1,
            1,
            1,
            1,
            1,
            1,
            1,
            1
        ],
        "true_labels": [
            1,
            0,
            0,
            1,
            1,
            0,
            0,
            0,
            1,
            1,
            1,
            1,
            1,
            0,
            1,
            1,
            1,
            0
        ],
        "case_ids": [
            1,
            2,
            4,
            12,
            18,
            23,
            30,
            43,
            47,
            52,
            59,
            64,
            69,
            78,
            83,
            89,
            95,
            96
        ],
        "prediction_probs": [
            [
                0.0037234167102724314,
                0.9962765574455261
            ],
            [
                0.9993146657943726,
                0.0006853084778413177
            ],
            [
                0.9878488779067993,
                0.012151193805038929
            ],
            [
                0.1287410855293274,
                0.8712589144706726
            ],
            [
                0.1522669792175293,
                0.8477330207824707
            ],
            [
                0.9918215870857239,
                0.008178400807082653
            ],
            [
                0.9996101260185242,
                0.0003899152798112482
            ],
            [
                0.9700520038604736,
                0.02994801290333271
            ],
            [
                0.4482148587703705,
                0.5517851710319519
            ],
            [
                2.799668254738208e-05,
                0.9999719858169556
            ],
            [
                8.426420805562884e-08,
                0.9999998807907104
            ],
            [
                4.6100783947622404e-05,
                0.9999538660049438
            ],
            [
                0.3816387355327606,
                0.6183612942695618
            ],
            [
                0.03745617717504501,
                0.9625438451766968
            ],
            [
                9.319938385488058e-07,
                0.9999990463256836
            ],
            [
                0.010781938210129738,
                0.9892181158065796
            ],
            [
                0.038049813359975815,
                0.9619502425193787
            ],
            [
                0.44871214032173157,
                0.5512878894805908
            ]
        ],
        "num_samples": 18
    },
    "args": {
        "labels_csv": "extra_benign_case_grade_match.csv",
        "patches_dir": "/projects/e32998/patches_benign_split",
        "runs_dir": "./runs_seed_analysis",
        "epochs": 30,
        "lr": 0.000208,
        "batch_size": 1,
        "num_workers": 2,
        "embed_dim": 512,
        "per_slice_cap": 800,
        "max_slices_per_stain": 5,
        "seed": 81,
        "resume": null,
        "eval_only": false,
        "analyze_attention": false,
        "attention_top_n": 5,
        "load_splits": "./no_train_val_leakage_splits/data_splits_new_05.npz",
        "checkpoint_dir": "./runs_seed_analysis/20260312_191839_split5_seed81/checkpoints"
    }
}