{
    "train": {
        "best_val_loss": 0.0,
        "epochs": 0
    },
    "test": {
        "test_loss": 0.6312041402661256,
        "test_accuracy": 0.6666666666666666,
        "test_high_grade_recall": 0.5454545454545454,
        "test_benign_recall": 0.8571428571428571,
        "predictions": [
            0,
            0,
            1,
            1,
            0,
            0,
            0,
            0,
            0,
            1,
            1,
            1,
            0,
            0,
            1,
            0,
            1,
            0
        ],
        "true_labels": [
            1,
            0,
            0,
            1,
            1,
            0,
            0,
            0,
            1,
            1,
            1,
            1,
            1,
            0,
            1,
            1,
            1,
            0
        ],
        "case_ids": [
            1,
            2,
            4,
            12,
            18,
            23,
            30,
            43,
            47,
            52,
            59,
            64,
            69,
            78,
            83,
            89,
            95,
            96
        ],
        "prediction_probs": [
            [
                0.9817249774932861,
                0.018275072798132896
            ],
            [
                0.999981164932251,
                1.878888906503562e-05
            ],
            [
                0.3124580979347229,
                0.6875419020652771
            ],
            [
                0.0011889718007296324,
                0.9988110065460205
            ],
            [
                0.8420007824897766,
                0.1579991579055786
            ],
            [
                0.9532676935195923,
                0.04673226550221443
            ],
            [
                0.9999278783798218,
                7.216489757411182e-05
            ],
            [
                0.9930846691131592,
                0.006915355566889048
            ],
            [
                0.8708488345146179,
                0.12915118038654327
            ],
            [
                1.2590557162184268e-05,
                0.9999873638153076
            ],
            [
                1.187787120215944e-06,
                0.9999988079071045
            ],
            [
                1.6981488442979753e-05,
                0.9999830722808838
            ],
            [
                0.578637421131134,
                0.42136257886886597
            ],
            [
                0.953555703163147,
                0.046444300562143326
            ],
            [
                4.494500535656698e-05,
                0.9999550580978394
            ],
            [
                0.7365251779556274,
                0.26347485184669495
            ],
            [
                0.002306893700733781,
                0.9976931214332581
            ],
            [
                0.9998458623886108,
                0.00015409543993882835
            ]
        ],
        "num_samples": 18
    },
    "args": {
        "labels_csv": "extra_benign_case_grade_match.csv",
        "patches_dir": "/projects/e32998/patches_benign_split",
        "runs_dir": "./runs_best_analysis",
        "epochs": 30,
        "lr": 0.000208,
        "batch_size": 1,
        "num_workers": 2,
        "embed_dim": 512,
        "per_slice_cap": 800,
        "max_slices_per_stain": 5,
        "seed": 100,
        "resume": "runs_seed_analysis/20260312_191840_split5_seed100/checkpoints/best.pth",
        "eval_only": true,
        "analyze_attention": false,
        "attention_top_n": 5,
        "load_splits": "./no_train_val_leakage_splits/data_splits_new_05.npz",
        "checkpoint_dir": "./runs_best_analysis/20260313_140942_split5_seed100/checkpoints"
    }
}