{
    "train": {
        "best_val_loss": 0.1872711873969054,
        "epochs": 13
    },
    "test": {
        "test_loss": 0.2049911040703544,
        "test_accuracy": 0.8333333333333334,
        "test_high_grade_recall": 0.8181818181818182,
        "test_benign_recall": 0.8571428571428571,
        "predictions": [
            1,
            0,
            1,
            1,
            0,
            0,
            0,
            0,
            0,
            1,
            1,
            1,
            1,
            0,
            1,
            1,
            1,
            0
        ],
        "true_labels": [
            1,
            0,
            0,
            1,
            1,
            0,
            0,
            0,
            1,
            1,
            1,
            1,
            1,
            0,
            1,
            1,
            1,
            0
        ],
        "case_ids": [
            1,
            2,
            4,
            12,
            18,
            23,
            30,
            43,
            47,
            52,
            59,
            64,
            69,
            78,
            83,
            89,
            95,
            96
        ],
        "prediction_probs": [
            [
                0.06736396998167038,
                0.932636022567749
            ],
            [
                0.9999314546585083,
                6.853283412056044e-05
            ],
            [
                0.3927474319934845,
                0.6072525978088379
            ],
            [
                0.00047431705752387643,
                0.9995256662368774
            ],
            [
                0.557292103767395,
                0.44270792603492737
            ],
            [
                0.9926733374595642,
                0.007326686289161444
            ],
            [
                0.9991419315338135,
                0.000858063343912363
            ],
            [
                0.9872910380363464,
                0.012708951719105244
            ],
            [
                0.7148687243461609,
                0.28513121604919434
            ],
            [
                2.466832711434108e-07,
                0.9999997615814209
            ],
            [
                2.4937059084351176e-09,
                1.0
            ],
            [
                3.9010362229419115e-07,
                0.9999996423721313
            ],
            [
                0.3151439428329468,
                0.6848560571670532
            ],
            [
                0.8694130182266235,
                0.13058693706989288
            ],
            [
                1.225582302311068e-09,
                1.0
            ],
            [
                0.02792101539671421,
                0.9720789790153503
            ],
            [
                0.009848730638623238,
                0.9901512861251831
            ],
            [
                0.963083803653717,
                0.03691627085208893
            ]
        ],
        "num_samples": 18
    },
    "args": {
        "labels_csv": "extra_benign_case_grade_match.csv",
        "patches_dir": "/projects/e32998/patches_benign_split",
        "runs_dir": "./runs_seed_analysis",
        "epochs": 30,
        "lr": 0.000208,
        "batch_size": 1,
        "num_workers": 2,
        "embed_dim": 512,
        "per_slice_cap": 800,
        "max_slices_per_stain": 5,
        "seed": 16,
        "resume": null,
        "eval_only": false,
        "analyze_attention": false,
        "attention_top_n": 5,
        "load_splits": "./no_train_val_leakage_splits/data_splits_new_05.npz",
        "checkpoint_dir": "./runs_seed_analysis/20260312_191840_split5_seed16/checkpoints"
    }
}