{
    "train": {
        "best_val_loss": 0.32911229443641965,
        "epochs": 14
    },
    "test": {
        "test_loss": 0.3693972844629492,
        "test_accuracy": 0.8421052631578947,
        "test_high_grade_recall": 1.0,
        "test_benign_recall": 0.5714285714285714,
        "predictions": [
            1,
            1,
            1,
            1,
            1,
            1,
            1,
            1,
            1,
            1,
            1,
            0,
            1,
            1,
            1,
            1,
            0,
            0,
            0
        ],
        "true_labels": [
            1,
            1,
            0,
            1,
            1,
            0,
            1,
            1,
            1,
            1,
            1,
            0,
            0,
            1,
            1,
            1,
            0,
            0,
            0
        ],
        "case_ids": [
            9,
            16,
            26,
            32,
            40,
            45,
            50,
            55,
            60,
            67,
            73,
            82,
            86,
            91,
            99,
            101,
            109,
            110,
            111
        ],
        "prediction_probs": [
            [
                5.400922873377567e-07,
                0.9999994039535522
            ],
            [
                0.1978359967470169,
                0.8021640181541443
            ],
            [
                0.07241468876600266,
                0.9275853633880615
            ],
            [
                0.4016171097755432,
                0.5983828902244568
            ],
            [
                1.5817495295777917e-06,
                0.9999984502792358
            ],
            [
                0.1548147201538086,
                0.8451853394508362
            ],
            [
                0.03278231620788574,
                0.9672176241874695
            ],
            [
                5.882326292727669e-10,
                1.0
            ],
            [
                0.07236974686384201,
                0.9276303052902222
            ],
            [
                8.146531763486564e-05,
                0.9999185800552368
            ],
            [
                0.0004942351370118558,
                0.9995057582855225
            ],
            [
                0.9999728202819824,
                2.720068187045399e-05
            ],
            [
                0.1878250390291214,
                0.8121749758720398
            ],
            [
                8.15767198218964e-05,
                0.9999184608459473
            ],
            [
                5.132073965796735e-06,
                0.9999948740005493
            ],
            [
                7.204102530522505e-06,
                0.999992847442627
            ],
            [
                0.9977518916130066,
                0.0022480932530015707
            ],
            [
                0.9999066591262817,
                9.336166112916544e-05
            ],
            [
                0.990081250667572,
                0.009918796829879284
            ]
        ],
        "num_samples": 19
    },
    "args": {
        "labels_csv": "extra_benign_case_grade_match.csv",
        "patches_dir": "/projects/e32998/patches_benign_split",
        "runs_dir": "./runs_seed_analysis",
        "epochs": 30,
        "lr": 0.000208,
        "batch_size": 1,
        "num_workers": 2,
        "embed_dim": 512,
        "per_slice_cap": 800,
        "max_slices_per_stain": 5,
        "seed": 81,
        "resume": null,
        "eval_only": false,
        "analyze_attention": false,
        "attention_top_n": 5,
        "load_splits": "./no_train_val_leakage_splits/data_splits_new_02.npz",
        "checkpoint_dir": "./runs_seed_analysis/20260312_191841_split2_seed81/checkpoints"
    }
}