{
    "train": {
        "best_val_loss": 0.0,
        "epochs": 0
    },
    "test": {
        "test_loss": 0.31108983414570446,
        "test_accuracy": 0.8888888888888888,
        "test_high_grade_recall": 0.9090909090909091,
        "test_benign_recall": 0.8571428571428571,
        "predictions": [
            1,
            1,
            1,
            0,
            0,
            0,
            1,
            1,
            1,
            1,
            1,
            1,
            0,
            1,
            0,
            0,
            1,
            0
        ],
        "true_labels": [
            1,
            1,
            1,
            0,
            0,
            0,
            1,
            1,
            1,
            0,
            1,
            1,
            0,
            1,
            0,
            1,
            1,
            0
        ],
        "case_ids": [
            5,
            14,
            19,
            25,
            27,
            36,
            44,
            49,
            54,
            56,
            66,
            72,
            79,
            84,
            90,
            92,
            98,
            119
        ],
        "prediction_probs": [
            [
                0.00019384075130801648,
                0.9998062252998352
            ],
            [
                4.705573886099046e-08,
                1.0
            ],
            [
                0.0034456849098205566,
                0.9965543746948242
            ],
            [
                0.9996731281280518,
                0.0003268268774263561
            ],
            [
                0.967373251914978,
                0.03262670710682869
            ],
            [
                0.9969590902328491,
                0.0030409882310777903
            ],
            [
                0.2167087197303772,
                0.7832912802696228
            ],
            [
                1.936038097483106e-05,
                0.9999806880950928
            ],
            [
                0.061674900352954865,
                0.9383251667022705
            ],
            [
                0.021409276872873306,
                0.978590726852417
            ],
            [
                1.8686023395275697e-07,
                0.9999997615814209
            ],
            [
                0.0060903821140527725,
                0.9939095973968506
            ],
            [
                0.9818763136863708,
                0.01812368631362915
            ],
            [
                0.2461138814687729,
                0.7538861036300659
            ],
            [
                0.9999704360961914,
                2.9601946152979508e-05
            ],
            [
                0.6660014390945435,
                0.33399859070777893
            ],
            [
                0.0039771380834281445,
                0.9960228204727173
            ],
            [
                0.9999775886535645,
                2.2391810489352793e-05
            ]
        ],
        "num_samples": 18
    },
    "args": {
        "labels_csv": "extra_benign_case_grade_match.csv",
        "patches_dir": "/projects/e32998/patches_benign_split",
        "runs_dir": "./runs_best_analysis",
        "epochs": 30,
        "lr": 0.000208,
        "batch_size": 1,
        "num_workers": 2,
        "embed_dim": 512,
        "per_slice_cap": 800,
        "max_slices_per_stain": 5,
        "seed": 9,
        "resume": "runs_seed_analysis/20260312_191837_split1_seed9/checkpoints/best.pth",
        "eval_only": true,
        "analyze_attention": false,
        "attention_top_n": 5,
        "load_splits": "./no_train_val_leakage_splits/data_splits_new_01.npz",
        "checkpoint_dir": "./runs_best_analysis/20260313_140942_split1_seed9/checkpoints"
    }
}