{
    "train": {
        "best_val_loss": 0.1663653196095897,
        "epochs": 14
    },
    "test": {
        "test_loss": 0.3401561448313977,
        "test_accuracy": 0.9473684210526315,
        "test_high_grade_recall": 1.0,
        "test_benign_recall": 0.8571428571428571,
        "predictions": [
            1,
            1,
            0,
            0,
            1,
            1,
            1,
            1,
            1,
            1,
            1,
            1,
            0,
            1,
            0,
            1,
            1,
            0,
            0
        ],
        "true_labels": [
            1,
            1,
            0,
            0,
            1,
            1,
            0,
            1,
            1,
            1,
            1,
            1,
            0,
            1,
            0,
            1,
            1,
            0,
            0
        ],
        "case_ids": [
            7,
            15,
            22,
            28,
            38,
            41,
            46,
            51,
            57,
            61,
            68,
            75,
            85,
            87,
            93,
            100,
            104,
            107,
            108
        ],
        "prediction_probs": [
            [
                9.04351538100201e-10,
                1.0
            ],
            [
                0.26572251319885254,
                0.7342774868011475
            ],
            [
                0.9997331500053406,
                0.00026681725285016
            ],
            [
                0.9997673630714417,
                0.00023265089839696884
            ],
            [
                6.354460492730141e-05,
                0.9999364614486694
            ],
            [
                2.7870017220266163e-05,
                0.9999721050262451
            ],
            [
                0.00264470255933702,
                0.9973553419113159
            ],
            [
                0.010466745123267174,
                0.9895332455635071
            ],
            [
                2.7184785267309053e-06,
                0.9999972581863403
            ],
            [
                0.16988536715507507,
                0.8301146030426025
            ],
            [
                0.00023742807388771325,
                0.9997625946998596
            ],
            [
                0.003282073186710477,
                0.9967178702354431
            ],
            [
                0.9962779879570007,
                0.0037220269441604614
            ],
            [
                8.633063771412708e-06,
                0.9999914169311523
            ],
            [
                0.9869517087936401,
                0.013048247434198856
            ],
            [
                1.0263786862196866e-05,
                0.9999897480010986
            ],
            [
                2.576136921561556e-06,
                0.9999973773956299
            ],
            [
                0.9999322891235352,
                6.772347842343152e-05
            ],
            [
                0.9988833069801331,
                0.0011167364427819848
            ]
        ],
        "num_samples": 19
    },
    "args": {
        "labels_csv": "extra_benign_case_grade_match.csv",
        "patches_dir": "/projects/e32998/patches_benign_split",
        "runs_dir": "./runs_seed_analysis",
        "epochs": 30,
        "lr": 0.000208,
        "batch_size": 1,
        "num_workers": 2,
        "embed_dim": 512,
        "per_slice_cap": 800,
        "max_slices_per_stain": 5,
        "seed": 81,
        "resume": null,
        "eval_only": false,
        "analyze_attention": false,
        "attention_top_n": 5,
        "load_splits": "./no_train_val_leakage_splits/data_splits_new_03.npz",
        "checkpoint_dir": "./runs_seed_analysis/20260312_191839_split3_seed81/checkpoints"
    }
}