{
    "train": {
        "best_val_loss": 0.0,
        "epochs": 0
    },
    "test": {
        "test_loss": 0.27526278718912384,
        "test_accuracy": 0.9444444444444444,
        "test_high_grade_recall": 1.0,
        "test_benign_recall": 0.8571428571428571,
        "predictions": [
            1,
            1,
            1,
            0,
            0,
            0,
            1,
            1,
            1,
            1,
            1,
            1,
            0,
            1,
            0,
            1,
            1,
            0
        ],
        "true_labels": [
            1,
            1,
            1,
            0,
            0,
            0,
            1,
            1,
            1,
            0,
            1,
            1,
            0,
            1,
            0,
            1,
            1,
            0
        ],
        "case_ids": [
            5,
            14,
            19,
            25,
            27,
            36,
            44,
            49,
            54,
            56,
            66,
            72,
            79,
            84,
            90,
            92,
            98,
            119
        ],
        "prediction_probs": [
            [
                4.732951310870703e-06,
                0.999995231628418
            ],
            [
                2.5042648843509596e-08,
                1.0
            ],
            [
                0.00047527020797133446,
                0.999524712562561
            ],
            [
                0.9980756044387817,
                0.0019244400318711996
            ],
            [
                0.8174654245376587,
                0.1825345903635025
            ],
            [
                0.9959981441497803,
                0.004001910798251629
            ],
            [
                0.04580896347761154,
                0.9541910290718079
            ],
            [
                1.227806478709681e-05,
                0.9999877214431763
            ],
            [
                0.019498638808727264,
                0.9805013537406921
            ],
            [
                0.013907420448958874,
                0.9860926270484924
            ],
            [
                6.249202932906428e-09,
                1.0
            ],
            [
                0.004546178504824638,
                0.9954538345336914
            ],
            [
                0.9970523118972778,
                0.0029476911295205355
            ],
            [
                0.21604031324386597,
                0.783959686756134
            ],
            [
                0.9999309778213501,
                6.902645691297948e-05
            ],
            [
                0.14225150644779205,
                0.8577485084533691
            ],
            [
                0.0002423823025310412,
                0.9997575879096985
            ],
            [
                0.9998226761817932,
                0.0001774082047631964
            ]
        ],
        "num_samples": 18
    },
    "args": {
        "labels_csv": "extra_benign_case_grade_match.csv",
        "patches_dir": "/projects/e32998/patches_benign_split",
        "runs_dir": "./runs_best_analysis",
        "epochs": 30,
        "lr": 0.000208,
        "batch_size": 1,
        "num_workers": 2,
        "embed_dim": 512,
        "per_slice_cap": 800,
        "max_slices_per_stain": 5,
        "seed": 64,
        "resume": "runs_seed_analysis/20260312_191839_split1_seed64/checkpoints/best.pth",
        "eval_only": true,
        "analyze_attention": false,
        "attention_top_n": 5,
        "load_splits": "./no_train_val_leakage_splits/data_splits_new_01.npz",
        "checkpoint_dir": "./runs_best_analysis/20260313_140942_split1_seed64/checkpoints"
    }
}