{
    "train": {
        "best_val_loss": 0.0,
        "epochs": 0
    },
    "test": {
        "test_loss": 0.3022647618294478,
        "test_accuracy": 0.8947368421052632,
        "test_high_grade_recall": 1.0,
        "test_benign_recall": 0.7142857142857143,
        "predictions": [
            1,
            1,
            1,
            1,
            1,
            1,
            1,
            1,
            1,
            1,
            1,
            0,
            0,
            1,
            1,
            1,
            0,
            0,
            0
        ],
        "true_labels": [
            1,
            1,
            0,
            1,
            1,
            0,
            1,
            1,
            1,
            1,
            1,
            0,
            0,
            1,
            1,
            1,
            0,
            0,
            0
        ],
        "case_ids": [
            9,
            16,
            26,
            32,
            40,
            45,
            50,
            55,
            60,
            67,
            73,
            82,
            86,
            91,
            99,
            101,
            109,
            110,
            111
        ],
        "prediction_probs": [
            [
                0.005521927960216999,
                0.9944781064987183
            ],
            [
                0.18412715196609497,
                0.815872848033905
            ],
            [
                0.22762033343315125,
                0.7723796963691711
            ],
            [
                0.468982458114624,
                0.5310176014900208
            ],
            [
                0.004649556241929531,
                0.9953503608703613
            ],
            [
                0.3700554668903351,
                0.6299445629119873
            ],
            [
                0.3043328523635864,
                0.6956671476364136
            ],
            [
                2.1317793652997352e-05,
                0.9999786615371704
            ],
            [
                0.2277677059173584,
                0.7722322940826416
            ],
            [
                0.007940874435007572,
                0.9920591115951538
            ],
            [
                0.005237303674221039,
                0.9947627186775208
            ],
            [
                0.8903464078903198,
                0.10965362936258316
            ],
            [
                0.5167545676231384,
                0.4832454323768616
            ],
            [
                0.02267397940158844,
                0.977325975894928
            ],
            [
                0.003907036501914263,
                0.9960929751396179
            ],
            [
                0.03463871404528618,
                0.9653612375259399
            ],
            [
                0.6795915365219116,
                0.3204084634780884
            ],
            [
                0.9239593148231506,
                0.07604066282510757
            ],
            [
                0.6164283156394958,
                0.38357171416282654
            ]
        ],
        "num_samples": 19
    },
    "args": {
        "labels_csv": "extra_benign_case_grade_match.csv",
        "patches_dir": "/projects/e32998/patches_benign_split",
        "runs_dir": "./runs_best_analysis",
        "epochs": 30,
        "lr": 0.000208,
        "batch_size": 1,
        "num_workers": 2,
        "embed_dim": 512,
        "per_slice_cap": 800,
        "max_slices_per_stain": 5,
        "seed": 36,
        "resume": "runs_seed_analysis/20260312_191840_split2_seed36/checkpoints/best.pth",
        "eval_only": true,
        "analyze_attention": false,
        "attention_top_n": 5,
        "load_splits": "./no_train_val_leakage_splits/data_splits_new_02.npz",
        "checkpoint_dir": "./runs_best_analysis/20260313_140949_split2_seed36/checkpoints"
    }
}