{
    "train": {
        "best_val_loss": 0.4211451080091616,
        "epochs": 11
    },
    "test": {
        "test_loss": 0.17457038573152286,
        "test_accuracy": 0.8947368421052632,
        "test_high_grade_recall": 0.9166666666666666,
        "test_benign_recall": 0.8571428571428571,
        "predictions": [
            1,
            1,
            1,
            0,
            0,
            0,
            1,
            1,
            0,
            1,
            1,
            0,
            0,
            1,
            1,
            1,
            1,
            1,
            0
        ],
        "true_labels": [
            1,
            1,
            1,
            0,
            0,
            0,
            1,
            1,
            0,
            1,
            1,
            1,
            0,
            1,
            1,
            0,
            1,
            1,
            0
        ],
        "case_ids": [
            3,
            11,
            17,
            21,
            24,
            34,
            42,
            48,
            53,
            58,
            63,
            70,
            77,
            80,
            88,
            94,
            97,
            106,
            118
        ],
        "prediction_probs": [
            [
                2.125590981449932e-06,
                0.9999978542327881
            ],
            [
                0.2838054597377777,
                0.7161945700645447
            ],
            [
                0.0032581447158008814,
                0.9967418313026428
            ],
            [
                0.9936163425445557,
                0.0063836826011538506
            ],
            [
                0.9999500513076782,
                4.9950478569371626e-05
            ],
            [
                0.9998276233673096,
                0.00017229911463800818
            ],
            [
                0.0021825938019901514,
                0.9978173971176147
            ],
            [
                0.0010676957899704576,
                0.9989323019981384
            ],
            [
                0.9957116842269897,
                0.004288268741220236
            ],
            [
                4.586718205246143e-06,
                0.9999954700469971
            ],
            [
                0.0006946814246475697,
                0.9993053674697876
            ],
            [
                0.8263990879058838,
                0.17360088229179382
            ],
            [
                0.7523228526115417,
                0.24767719209194183
            ],
            [
                1.3089699280044442e-07,
                0.9999998807907104
            ],
            [
                0.04247405380010605,
                0.957525908946991
            ],
            [
                0.4340648651123047,
                0.5659351944923401
            ],
            [
                0.04986535385251045,
                0.9501346945762634
            ],
            [
                5.30288957634184e-07,
                0.9999995231628418
            ],
            [
                0.9998103976249695,
                0.00018961723253596574
            ]
        ],
        "num_samples": 19
    },
    "args": {
        "labels_csv": "extra_benign_case_grade_match.csv",
        "patches_dir": "/projects/e32998/patches_benign_split",
        "runs_dir": "./runs_seed_analysis",
        "epochs": 30,
        "lr": 0.000208,
        "batch_size": 1,
        "num_workers": 2,
        "embed_dim": 512,
        "per_slice_cap": 800,
        "max_slices_per_stain": 5,
        "seed": 25,
        "resume": null,
        "eval_only": false,
        "analyze_attention": false,
        "attention_top_n": 5,
        "load_splits": "./no_train_val_leakage_splits/data_splits_new_04.npz",
        "checkpoint_dir": "./runs_seed_analysis/20260312_191840_split4_seed25/checkpoints"
    }
}