{
    "train": {
        "best_val_loss": 0.0,
        "epochs": 0
    },
    "test": {
        "test_loss": 0.5653404109067244,
        "test_accuracy": 0.8947368421052632,
        "test_high_grade_recall": 1.0,
        "test_benign_recall": 0.7142857142857143,
        "predictions": [
            1,
            1,
            1,
            1,
            1,
            0,
            1,
            1,
            1,
            1,
            1,
            0,
            0,
            1,
            1,
            1,
            1,
            0,
            0
        ],
        "true_labels": [
            1,
            1,
            0,
            1,
            1,
            0,
            1,
            1,
            1,
            1,
            1,
            0,
            0,
            1,
            1,
            1,
            0,
            0,
            0
        ],
        "case_ids": [
            9,
            16,
            26,
            32,
            40,
            45,
            50,
            55,
            60,
            67,
            73,
            82,
            86,
            91,
            99,
            101,
            109,
            110,
            111
        ],
        "prediction_probs": [
            [
                0.000907151959836483,
                0.9990928173065186
            ],
            [
                0.05200057476758957,
                0.9479994177818298
            ],
            [
                0.0003194882592651993,
                0.9996805191040039
            ],
            [
                0.4062143862247467,
                0.5937855243682861
            ],
            [
                0.00030391538166441023,
                0.9996961355209351
            ],
            [
                0.9830191731452942,
                0.016980770975351334
            ],
            [
                0.05634690448641777,
                0.9436531066894531
            ],
            [
                2.5454398837609915e-06,
                0.9999974966049194
            ],
            [
                0.07112520933151245,
                0.9288747906684875
            ],
            [
                0.0018596212612465024,
                0.9981403350830078
            ],
            [
                0.10113753378391266,
                0.8988624811172485
            ],
            [
                0.999009370803833,
                0.0009906362975016236
            ],
            [
                0.9801499247550964,
                0.019850105047225952
            ],
            [
                0.008069541305303574,
                0.9919304251670837
            ],
            [
                0.0001063636300386861,
                0.9998936653137207
            ],
            [
                0.0009284661500714719,
                0.999071478843689
            ],
            [
                0.17811061441898346,
                0.821889340877533
            ],
            [
                0.9916627407073975,
                0.008337261155247688
            ],
            [
                0.9088883996009827,
                0.09111160784959793
            ]
        ],
        "num_samples": 19
    },
    "args": {
        "labels_csv": "extra_benign_case_grade_match.csv",
        "patches_dir": "/projects/e32998/patches_benign_split",
        "runs_dir": "./runs_best_analysis",
        "epochs": 30,
        "lr": 0.000208,
        "batch_size": 1,
        "num_workers": 2,
        "embed_dim": 512,
        "per_slice_cap": 800,
        "max_slices_per_stain": 5,
        "seed": 49,
        "resume": "runs_seed_analysis/20260312_191840_split2_seed49/checkpoints/best.pth",
        "eval_only": true,
        "analyze_attention": false,
        "attention_top_n": 5,
        "load_splits": "./no_train_val_leakage_splits/data_splits_new_02.npz",
        "checkpoint_dir": "./runs_best_analysis/20260313_140950_split2_seed49/checkpoints"
    }
}