{
    "train": {
        "best_val_loss": 0.0,
        "epochs": 0
    },
    "test": {
        "test_loss": 0.14253587875129214,
        "test_accuracy": 0.9473684210526315,
        "test_high_grade_recall": 1.0,
        "test_benign_recall": 0.8571428571428571,
        "predictions": [
            1,
            1,
            1,
            0,
            0,
            0,
            1,
            1,
            0,
            1,
            1,
            1,
            0,
            1,
            1,
            1,
            1,
            1,
            0
        ],
        "true_labels": [
            1,
            1,
            1,
            0,
            0,
            0,
            1,
            1,
            0,
            1,
            1,
            1,
            0,
            1,
            1,
            0,
            1,
            1,
            0
        ],
        "case_ids": [
            3,
            11,
            17,
            21,
            24,
            34,
            42,
            48,
            53,
            58,
            63,
            70,
            77,
            80,
            88,
            94,
            97,
            106,
            118
        ],
        "prediction_probs": [
            [
                0.10804297029972076,
                0.8919570446014404
            ],
            [
                0.07695703953504562,
                0.9230429530143738
            ],
            [
                0.040619317442178726,
                0.9593806862831116
            ],
            [
                0.9079285860061646,
                0.09207141399383545
            ],
            [
                0.8867874145507812,
                0.11321261525154114
            ],
            [
                0.9888168573379517,
                0.011183127760887146
            ],
            [
                0.009861364029347897,
                0.9901386499404907
            ],
            [
                0.0032068840228021145,
                0.9967930912971497
            ],
            [
                0.8725059628486633,
                0.12749403715133667
            ],
            [
                0.005318495444953442,
                0.9946815371513367
            ],
            [
                0.00019399143639020622,
                0.9998059868812561
            ],
            [
                0.0664757713675499,
                0.9335242509841919
            ],
            [
                0.9168961644172668,
                0.08310377597808838
            ],
            [
                0.002579313702881336,
                0.9974206686019897
            ],
            [
                0.009586729109287262,
                0.990413248538971
            ],
            [
                0.20432059466838837,
                0.7956794500350952
            ],
            [
                0.20392517745494843,
                0.7960748076438904
            ],
            [
                0.001713496632874012,
                0.9982864260673523
            ],
            [
                0.9015228748321533,
                0.09847718477249146
            ]
        ],
        "num_samples": 19
    },
    "args": {
        "labels_csv": "extra_benign_case_grade_match.csv",
        "patches_dir": "/projects/e32998/patches_benign_split",
        "runs_dir": "./runs_best_analysis",
        "epochs": 30,
        "lr": 0.000208,
        "batch_size": 1,
        "num_workers": 2,
        "embed_dim": 512,
        "per_slice_cap": 800,
        "max_slices_per_stain": 5,
        "seed": 81,
        "resume": "runs_seed_analysis/20260312_191839_split4_seed81/checkpoints/best.pth",
        "eval_only": true,
        "analyze_attention": false,
        "attention_top_n": 5,
        "load_splits": "./no_train_val_leakage_splits/data_splits_new_04.npz",
        "checkpoint_dir": "./runs_best_analysis/20260313_140950_split4_seed81/checkpoints"
    }
}