{
    "train": {
        "best_val_loss": 0.0,
        "epochs": 0
    },
    "test": {
        "test_loss": 0.18799794119528535,
        "test_accuracy": 0.9444444444444444,
        "test_high_grade_recall": 0.9090909090909091,
        "test_benign_recall": 1.0,
        "predictions": [
            0,
            0,
            0,
            1,
            1,
            0,
            0,
            0,
            1,
            1,
            1,
            1,
            1,
            0,
            1,
            1,
            1,
            0
        ],
        "true_labels": [
            1,
            0,
            0,
            1,
            1,
            0,
            0,
            0,
            1,
            1,
            1,
            1,
            1,
            0,
            1,
            1,
            1,
            0
        ],
        "case_ids": [
            1,
            2,
            4,
            12,
            18,
            23,
            30,
            43,
            47,
            52,
            59,
            64,
            69,
            78,
            83,
            89,
            95,
            96
        ],
        "prediction_probs": [
            [
                0.9470247626304626,
                0.05297528952360153
            ],
            [
                0.9999861717224121,
                1.3842255611962173e-05
            ],
            [
                0.995281994342804,
                0.004718040116131306
            ],
            [
                1.8879669369198382e-05,
                0.999981164932251
            ],
            [
                0.08684457093477249,
                0.9131553769111633
            ],
            [
                0.905309796333313,
                0.09469016641378403
            ],
            [
                0.9996254444122314,
                0.0003745019785128534
            ],
            [
                0.9723114371299744,
                0.02768855169415474
            ],
            [
                0.007508381735533476,
                0.9924916625022888
            ],
            [
                2.7001260605175048e-05,
                0.999972939491272
            ],
            [
                1.8301462034742144e-07,
                0.9999997615814209
            ],
            [
                9.590018635208253e-06,
                0.9999904632568359
            ],
            [
                7.665946031920612e-05,
                0.9999233484268188
            ],
            [
                0.9683245420455933,
                0.031675420701503754
            ],
            [
                9.390402233577788e-09,
                1.0
            ],
            [
                3.3270305721089244e-05,
                0.9999667406082153
            ],
            [
                0.0024680825881659985,
                0.9975318908691406
            ],
            [
                0.8351466655731201,
                0.16485336422920227
            ]
        ],
        "num_samples": 18
    },
    "args": {
        "labels_csv": "extra_benign_case_grade_match.csv",
        "patches_dir": "/projects/e32998/patches_benign_split",
        "runs_dir": "./runs_best_analysis",
        "epochs": 30,
        "lr": 0.000208,
        "batch_size": 1,
        "num_workers": 2,
        "embed_dim": 512,
        "per_slice_cap": 800,
        "max_slices_per_stain": 5,
        "seed": 25,
        "resume": "runs_seed_analysis/20260312_191840_split5_seed25/checkpoints/best.pth",
        "eval_only": true,
        "analyze_attention": false,
        "attention_top_n": 5,
        "load_splits": "./no_train_val_leakage_splits/data_splits_new_05.npz",
        "checkpoint_dir": "./runs_best_analysis/20260313_140950_split5_seed25/checkpoints"
    }
}