{
    "train": {
        "best_val_loss": 0.0,
        "epochs": 0
    },
    "test": {
        "test_loss": 0.3725278039660434,
        "test_accuracy": 0.8947368421052632,
        "test_high_grade_recall": 0.9166666666666666,
        "test_benign_recall": 0.8571428571428571,
        "predictions": [
            1,
            0,
            0,
            0,
            1,
            1,
            1,
            1,
            1,
            1,
            1,
            1,
            0,
            1,
            0,
            1,
            1,
            0,
            0
        ],
        "true_labels": [
            1,
            1,
            0,
            0,
            1,
            1,
            0,
            1,
            1,
            1,
            1,
            1,
            0,
            1,
            0,
            1,
            1,
            0,
            0
        ],
        "case_ids": [
            7,
            15,
            22,
            28,
            38,
            41,
            46,
            51,
            57,
            61,
            68,
            75,
            85,
            87,
            93,
            100,
            104,
            107,
            108
        ],
        "prediction_probs": [
            [
                3.897391991358745e-07,
                0.9999996423721313
            ],
            [
                0.9566676020622253,
                0.043332409113645554
            ],
            [
                0.9988634586334229,
                0.0011366162216290832
            ],
            [
                0.9996775388717651,
                0.0003225238178856671
            ],
            [
                0.0023506528232246637,
                0.9976493716239929
            ],
            [
                0.0379074364900589,
                0.9620925188064575
            ],
            [
                0.03898850455880165,
                0.961011528968811
            ],
            [
                0.28424564003944397,
                0.7157543301582336
            ],
            [
                0.0008671155082993209,
                0.9991329312324524
            ],
            [
                0.1378222554922104,
                0.8621777296066284
            ],
            [
                0.004173031076788902,
                0.9958269000053406
            ],
            [
                0.0627247765660286,
                0.9372752904891968
            ],
            [
                0.9635102152824402,
                0.036489784717559814
            ],
            [
                0.0019365674816071987,
                0.9980633854866028
            ],
            [
                0.9447618126869202,
                0.05523817986249924
            ],
            [
                0.0001934129832079634,
                0.9998065829277039
            ],
            [
                0.0013187350705265999,
                0.9986812472343445
            ],
            [
                0.9998679161071777,
                0.00013210873294156045
            ],
            [
                0.9978930354118347,
                0.0021069832146167755
            ]
        ],
        "num_samples": 19
    },
    "args": {
        "labels_csv": "extra_benign_case_grade_match.csv",
        "patches_dir": "/projects/e32998/patches_benign_split",
        "runs_dir": "./runs_best_analysis",
        "epochs": 30,
        "lr": 0.000208,
        "batch_size": 1,
        "num_workers": 2,
        "embed_dim": 512,
        "per_slice_cap": 800,
        "max_slices_per_stain": 5,
        "seed": 81,
        "resume": "runs_seed_analysis/20260312_191839_split3_seed81/checkpoints/best.pth",
        "eval_only": true,
        "analyze_attention": false,
        "attention_top_n": 5,
        "load_splits": "./no_train_val_leakage_splits/data_splits_new_03.npz",
        "checkpoint_dir": "./runs_best_analysis/20260313_140942_split3_seed81/checkpoints"
    }
}