{
    "train": {
        "best_val_loss": 0.0,
        "epochs": 0
    },
    "test": {
        "test_loss": 0.2845135116591943,
        "test_accuracy": 0.8888888888888888,
        "test_high_grade_recall": 0.9090909090909091,
        "test_benign_recall": 0.8571428571428571,
        "predictions": [
            1,
            0,
            0,
            1,
            0,
            0,
            0,
            0,
            1,
            1,
            1,
            1,
            1,
            0,
            1,
            1,
            1,
            1
        ],
        "true_labels": [
            1,
            0,
            0,
            1,
            1,
            0,
            0,
            0,
            1,
            1,
            1,
            1,
            1,
            0,
            1,
            1,
            1,
            0
        ],
        "case_ids": [
            1,
            2,
            4,
            12,
            18,
            23,
            30,
            43,
            47,
            52,
            59,
            64,
            69,
            78,
            83,
            89,
            95,
            96
        ],
        "prediction_probs": [
            [
                0.09581319987773895,
                0.9041868448257446
            ],
            [
                0.9461818337440491,
                0.05381816625595093
            ],
            [
                0.8466687798500061,
                0.15333126485347748
            ],
            [
                0.25626641511917114,
                0.7437336444854736
            ],
            [
                0.6224783658981323,
                0.3775216042995453
            ],
            [
                0.9258254170417786,
                0.07417453825473785
            ],
            [
                0.9841465353965759,
                0.015853529796004295
            ],
            [
                0.6258219480514526,
                0.37417808175086975
            ],
            [
                0.3229997456073761,
                0.6770002841949463
            ],
            [
                0.0034780174028128386,
                0.9965219497680664
            ],
            [
                5.6134784244932234e-05,
                0.9999438524246216
            ],
            [
                0.00817826483398676,
                0.9918217062950134
            ],
            [
                0.3587265908718109,
                0.6412734389305115
            ],
            [
                0.6637433767318726,
                0.33625665307044983
            ],
            [
                0.0024142772890627384,
                0.9975857734680176
            ],
            [
                0.05418315902352333,
                0.9458168148994446
            ],
            [
                0.06884897500276566,
                0.9311509728431702
            ],
            [
                0.20569387078285217,
                0.7943060994148254
            ]
        ],
        "num_samples": 18
    },
    "args": {
        "labels_csv": "extra_benign_case_grade_match.csv",
        "patches_dir": "/projects/e32998/patches_benign_split",
        "runs_dir": "./runs_best_analysis",
        "epochs": 30,
        "lr": 0.000208,
        "batch_size": 1,
        "num_workers": 2,
        "embed_dim": 512,
        "per_slice_cap": 800,
        "max_slices_per_stain": 5,
        "seed": 81,
        "resume": "runs_seed_analysis/20260312_191839_split5_seed81/checkpoints/best.pth",
        "eval_only": true,
        "analyze_attention": false,
        "attention_top_n": 5,
        "load_splits": "./no_train_val_leakage_splits/data_splits_new_05.npz",
        "checkpoint_dir": "./runs_best_analysis/20260313_140950_split5_seed81/checkpoints"
    }
}