{
    "train": {
        "best_val_loss": 0.1343118160140809,
        "epochs": 15
    },
    "test": {
        "test_loss": 0.2974030852870754,
        "test_accuracy": 0.8888888888888888,
        "test_high_grade_recall": 0.9090909090909091,
        "test_benign_recall": 0.8571428571428571,
        "predictions": [
            1,
            1,
            1,
            0,
            0,
            0,
            1,
            1,
            1,
            1,
            1,
            1,
            0,
            0,
            0,
            1,
            1,
            0
        ],
        "true_labels": [
            1,
            1,
            1,
            0,
            0,
            0,
            1,
            1,
            1,
            0,
            1,
            1,
            0,
            1,
            0,
            1,
            1,
            0
        ],
        "case_ids": [
            5,
            14,
            19,
            25,
            27,
            36,
            44,
            49,
            54,
            56,
            66,
            72,
            79,
            84,
            90,
            92,
            98,
            119
        ],
        "prediction_probs": [
            [
                8.704855503083309e-08,
                0.9999998807907104
            ],
            [
                3.0358631164517647e-09,
                1.0
            ],
            [
                5.102699560666224e-06,
                0.9999948740005493
            ],
            [
                0.9996427297592163,
                0.0003573196299839765
            ],
            [
                0.9969022870063782,
                0.003097627079114318
            ],
            [
                0.9999284744262695,
                7.156805077102035e-05
            ],
            [
                0.029566729441285133,
                0.9704332947731018
            ],
            [
                2.231222879345296e-06,
                0.9999977350234985
            ],
            [
                0.05896289646625519,
                0.941037118434906
            ],
            [
                0.02785956859588623,
                0.9721404910087585
            ],
            [
                5.1728128447336985e-09,
                1.0
            ],
            [
                0.027752965688705444,
                0.9722470641136169
            ],
            [
                0.984140157699585,
                0.015859853476285934
            ],
            [
                0.8003090620040894,
                0.1996910125017166
            ],
            [
                0.9999309778213501,
                6.907308124937117e-05
            ],
            [
                0.02269926853477955,
                0.9773007035255432
            ],
            [
                0.00019479681213852018,
                0.9998052716255188
            ],
            [
                0.9999884366989136,
                1.1521166925376747e-05
            ]
        ],
        "num_samples": 18
    },
    "args": {
        "labels_csv": "extra_benign_case_grade_match.csv",
        "patches_dir": "/projects/e32998/patches_benign_split",
        "runs_dir": "./runs_seed_analysis",
        "epochs": 30,
        "lr": 0.000208,
        "batch_size": 1,
        "num_workers": 2,
        "embed_dim": 512,
        "per_slice_cap": 800,
        "max_slices_per_stain": 5,
        "seed": 100,
        "resume": null,
        "eval_only": false,
        "analyze_attention": false,
        "attention_top_n": 5,
        "load_splits": "./no_train_val_leakage_splits/data_splits_new_01.npz",
        "checkpoint_dir": "./runs_seed_analysis/20260312_191840_split1_seed100/checkpoints"
    }
}