{
    "train": {
        "best_val_loss": 0.0,
        "epochs": 0
    },
    "test": {
        "test_loss": 0.1430510381427593,
        "test_accuracy": 0.9444444444444444,
        "test_high_grade_recall": 1.0,
        "test_benign_recall": 0.8571428571428571,
        "predictions": [
            1,
            1,
            1,
            0,
            0,
            0,
            1,
            1,
            1,
            1,
            1,
            1,
            0,
            1,
            0,
            1,
            1,
            0
        ],
        "true_labels": [
            1,
            1,
            1,
            0,
            0,
            0,
            1,
            1,
            1,
            0,
            1,
            1,
            0,
            1,
            0,
            1,
            1,
            0
        ],
        "case_ids": [
            5,
            14,
            19,
            25,
            27,
            36,
            44,
            49,
            54,
            56,
            66,
            72,
            79,
            84,
            90,
            92,
            98,
            119
        ],
        "prediction_probs": [
            [
                5.74558605137554e-08,
                1.0
            ],
            [
                3.809812187949291e-11,
                1.0
            ],
            [
                0.0003586570965126157,
                0.9996412992477417
            ],
            [
                0.9999508857727051,
                4.9151167331729084e-05
            ],
            [
                0.9988226294517517,
                0.001177376601845026
            ],
            [
                0.9994874000549316,
                0.0005126315518282354
            ],
            [
                0.10703322291374207,
                0.8929668068885803
            ],
            [
                1.7144434139026998e-07,
                0.9999998807907104
            ],
            [
                0.03608129173517227,
                0.9639187455177307
            ],
            [
                0.12438847124576569,
                0.8756115436553955
            ],
            [
                1.164305873935234e-10,
                1.0
            ],
            [
                0.08960973471403122,
                0.9103902578353882
            ],
            [
                0.9973005652427673,
                0.0026994594372808933
            ],
            [
                0.14414484798908234,
                0.8558551669120789
            ],
            [
                0.9999977350234985,
                2.2198953502083896e-06
            ],
            [
                0.0824601873755455,
                0.9175398349761963
            ],
            [
                0.0002186903147958219,
                0.9997813105583191
            ],
            [
                0.9999994039535522,
                5.965104037386482e-07
            ]
        ],
        "num_samples": 18
    },
    "args": {
        "labels_csv": "extra_benign_case_grade_match.csv",
        "patches_dir": "/projects/e32998/patches_benign_split",
        "runs_dir": "./runs_best_analysis",
        "epochs": 30,
        "lr": 0.000208,
        "batch_size": 1,
        "num_workers": 2,
        "embed_dim": 512,
        "per_slice_cap": 800,
        "max_slices_per_stain": 5,
        "seed": 81,
        "resume": "runs_seed_analysis/20260312_191838_split1_seed81/checkpoints/best.pth",
        "eval_only": true,
        "analyze_attention": false,
        "attention_top_n": 5,
        "load_splits": "./no_train_val_leakage_splits/data_splits_new_01.npz",
        "checkpoint_dir": "./runs_best_analysis/20260313_140950_split1_seed81/checkpoints"
    }
}