{
    "train": {
        "best_val_loss": 0.3777164417735644,
        "epochs": 12
    },
    "test": {
        "test_loss": 0.26822357679197417,
        "test_accuracy": 0.8888888888888888,
        "test_high_grade_recall": 1.0,
        "test_benign_recall": 0.7142857142857143,
        "predictions": [
            1,
            0,
            0,
            1,
            1,
            0,
            0,
            0,
            1,
            1,
            1,
            1,
            1,
            1,
            1,
            1,
            1,
            1
        ],
        "true_labels": [
            1,
            0,
            0,
            1,
            1,
            0,
            0,
            0,
            1,
            1,
            1,
            1,
            1,
            0,
            1,
            1,
            1,
            0
        ],
        "case_ids": [
            1,
            2,
            4,
            12,
            18,
            23,
            30,
            43,
            47,
            52,
            59,
            64,
            69,
            78,
            83,
            89,
            95,
            96
        ],
        "prediction_probs": [
            [
                0.004235221538692713,
                0.9957647323608398
            ],
            [
                0.9976414442062378,
                0.002358628436923027
            ],
            [
                0.9896422028541565,
                0.010357839055359364
            ],
            [
                0.09337105602025986,
                0.9066289663314819
            ],
            [
                0.014630119316279888,
                0.9853699207305908
            ],
            [
                0.9471923112869263,
                0.05280771106481552
            ],
            [
                0.9985677003860474,
                0.001432316261343658
            ],
            [
                0.7963259220123291,
                0.2036740779876709
            ],
            [
                0.3371047079563141,
                0.6628953218460083
            ],
            [
                0.0003791394119616598,
                0.999620795249939
            ],
            [
                2.1749960069428198e-05,
                0.9999783039093018
            ],
            [
                0.00019271842029411346,
                0.9998072981834412
            ],
            [
                0.030960362404584885,
                0.9690396189689636
            ],
            [
                0.07764620333909988,
                0.9223538637161255
            ],
            [
                1.0228990504401736e-05,
                0.9999897480010986
            ],
            [
                0.012834256514906883,
                0.9871657490730286
            ],
            [
                0.007909499108791351,
                0.9920904636383057
            ],
            [
                0.24779067933559418,
                0.7522093057632446
            ]
        ],
        "num_samples": 18
    },
    "args": {
        "labels_csv": "extra_benign_case_grade_match.csv",
        "patches_dir": "/projects/e32998/patches_benign_split",
        "runs_dir": "./runs_analysis",
        "epochs": 30,
        "lr": 0.000208,
        "batch_size": 1,
        "num_workers": 2,
        "embed_dim": 512,
        "per_slice_cap": 800,
        "max_slices_per_stain": 5,
        "seed": 1,
        "resume": null,
        "eval_only": false,
        "analyze_attention": false,
        "attention_top_n": 5,
        "load_splits": "./no_train_val_leakage_splits/data_splits_new_05.npz",
        "checkpoint_dir": "./runs_analysis/20260312_160250_split5_seed1/checkpoints"
    }
}