{
    "train": {
        "best_val_loss": 0.16985010356659222,
        "epochs": 21
    },
    "test": {
        "test_loss": 1.3878988506954637,
        "test_accuracy": 0.6666666666666666,
        "test_high_grade_recall": 0.7272727272727273,
        "test_benign_recall": 0.5714285714285714,
        "predictions": [
            0,
            0,
            1,
            1,
            0,
            1,
            0,
            0,
            0,
            1,
            1,
            1,
            1,
            1,
            1,
            1,
            1,
            0
        ],
        "true_labels": [
            1,
            0,
            0,
            1,
            1,
            0,
            0,
            0,
            1,
            1,
            1,
            1,
            1,
            0,
            1,
            1,
            1,
            0
        ],
        "case_ids": [
            1,
            2,
            4,
            12,
            18,
            23,
            30,
            43,
            47,
            52,
            59,
            64,
            69,
            78,
            83,
            89,
            95,
            96
        ],
        "prediction_probs": [
            [
                0.9099805355072021,
                0.09001952409744263
            ],
            [
                0.9999970197677612,
                3.018375537067186e-06
            ],
            [
                4.902934506390011e-06,
                0.9999951124191284
            ],
            [
                0.0006195504684001207,
                0.9993804693222046
            ],
            [
                0.720336377620697,
                0.27966368198394775
            ],
            [
                0.16995830833911896,
                0.8300417065620422
            ],
            [
                0.999777615070343,
                0.00022234955395106226
            ],
            [
                0.9593434929847717,
                0.04065646231174469
            ],
            [
                0.9955419898033142,
                0.004458012990653515
            ],
            [
                1.8938121115752438e-07,
                0.9999997615814209
            ],
            [
                9.003624512615716e-09,
                1.0
            ],
            [
                6.150642661850725e-08,
                0.9999998807907104
            ],
            [
                0.05078446865081787,
                0.9492155313491821
            ],
            [
                0.18818050622940063,
                0.8118194937705994
            ],
            [
                7.856037598230614e-09,
                1.0
            ],
            [
                0.11593888700008392,
                0.8840610980987549
            ],
            [
                0.00011069748143199831,
                0.9998892545700073
            ],
            [
                0.9988126754760742,
                0.0011873592156916857
            ]
        ],
        "num_samples": 18
    },
    "args": {
        "labels_csv": "extra_benign_case_grade_match.csv",
        "patches_dir": "/projects/e32998/patches_benign_split",
        "runs_dir": "./runs_seed_analysis",
        "epochs": 30,
        "lr": 0.000208,
        "batch_size": 1,
        "num_workers": 2,
        "embed_dim": 512,
        "per_slice_cap": 800,
        "max_slices_per_stain": 5,
        "seed": 100,
        "resume": null,
        "eval_only": false,
        "analyze_attention": false,
        "attention_top_n": 5,
        "load_splits": "./no_train_val_leakage_splits/data_splits_new_05.npz",
        "checkpoint_dir": "./runs_seed_analysis/20260312_191840_split5_seed100/checkpoints"
    }
}