{
    "train": {
        "best_val_loss": 0.0,
        "epochs": 0
    },
    "test": {
        "test_loss": 0.4167455489698209,
        "test_accuracy": 0.7894736842105263,
        "test_high_grade_recall": 0.8333333333333334,
        "test_benign_recall": 0.7142857142857143,
        "predictions": [
            0,
            1,
            1,
            0,
            1,
            1,
            1,
            1,
            1,
            1,
            1,
            0,
            0,
            1,
            1,
            1,
            0,
            0,
            0
        ],
        "true_labels": [
            1,
            1,
            0,
            1,
            1,
            0,
            1,
            1,
            1,
            1,
            1,
            0,
            0,
            1,
            1,
            1,
            0,
            0,
            0
        ],
        "case_ids": [
            9,
            16,
            26,
            32,
            40,
            45,
            50,
            55,
            60,
            67,
            73,
            82,
            86,
            91,
            99,
            101,
            109,
            110,
            111
        ],
        "prediction_probs": [
            [
                0.5872727632522583,
                0.4127272069454193
            ],
            [
                0.1312524825334549,
                0.8687475323677063
            ],
            [
                0.4499466121196747,
                0.5500534176826477
            ],
            [
                0.7907111048698425,
                0.20928888022899628
            ],
            [
                0.2213074117898941,
                0.7786926031112671
            ],
            [
                0.3499544858932495,
                0.6500455141067505
            ],
            [
                0.31116148829460144,
                0.688838541507721
            ],
            [
                0.06405707448720932,
                0.9359430074691772
            ],
            [
                0.19998057186603546,
                0.8000194430351257
            ],
            [
                0.07739566266536713,
                0.9226043224334717
            ],
            [
                0.4883497357368469,
                0.5116503238677979
            ],
            [
                0.864672064781189,
                0.13532795011997223
            ],
            [
                0.8143729567527771,
                0.18562711775302887
            ],
            [
                0.24139335751533508,
                0.7586066722869873
            ],
            [
                0.22475363314151764,
                0.7752463817596436
            ],
            [
                0.18530763685703278,
                0.8146923780441284
            ],
            [
                0.7899864912033081,
                0.21001353859901428
            ],
            [
                0.8526838421821594,
                0.1473161280155182
            ],
            [
                0.7150798439979553,
                0.28492018580436707
            ]
        ],
        "num_samples": 19
    },
    "args": {
        "labels_csv": "extra_benign_case_grade_match.csv",
        "patches_dir": "/projects/e32998/patches_benign_split",
        "runs_dir": "./runs_best_analysis",
        "epochs": 30,
        "lr": 0.000208,
        "batch_size": 1,
        "num_workers": 2,
        "embed_dim": 512,
        "per_slice_cap": 800,
        "max_slices_per_stain": 5,
        "seed": 64,
        "resume": "runs_seed_analysis/20260312_191840_split2_seed64/checkpoints/best.pth",
        "eval_only": true,
        "analyze_attention": false,
        "attention_top_n": 5,
        "load_splits": "./no_train_val_leakage_splits/data_splits_new_02.npz",
        "checkpoint_dir": "./runs_best_analysis/20260313_140942_split2_seed64/checkpoints"
    }
}