{
    "train": {
        "best_val_loss": 0.07277043551828734,
        "epochs": 17
    },
    "test": {
        "test_loss": 0.46766367771679485,
        "test_accuracy": 0.8333333333333334,
        "test_high_grade_recall": 0.8181818181818182,
        "test_benign_recall": 0.8571428571428571,
        "predictions": [
            1,
            1,
            1,
            0,
            0,
            0,
            1,
            1,
            1,
            1,
            1,
            1,
            0,
            0,
            0,
            0,
            1,
            0
        ],
        "true_labels": [
            1,
            1,
            1,
            0,
            0,
            0,
            1,
            1,
            1,
            0,
            1,
            1,
            0,
            1,
            0,
            1,
            1,
            0
        ],
        "case_ids": [
            5,
            14,
            19,
            25,
            27,
            36,
            44,
            49,
            54,
            56,
            66,
            72,
            79,
            84,
            90,
            92,
            98,
            119
        ],
        "prediction_probs": [
            [
                1.4050191055048344e-07,
                0.9999998807907104
            ],
            [
                1.0336655975606845e-08,
                1.0
            ],
            [
                3.745756112039089e-05,
                0.999962568283081
            ],
            [
                0.9997971653938293,
                0.00020287977531552315
            ],
            [
                0.9613747596740723,
                0.03862524405121803
            ],
            [
                0.9994617104530334,
                0.0005382843664847314
            ],
            [
                0.008706732653081417,
                0.9912932515144348
            ],
            [
                7.488392839150038e-06,
                0.9999924898147583
            ],
            [
                0.024100275710225105,
                0.9758997559547424
            ],
            [
                0.001119217835366726,
                0.9988808035850525
            ],
            [
                1.8327035444798412e-09,
                1.0
            ],
            [
                0.0033473072107881308,
                0.9966526627540588
            ],
            [
                0.9996997117996216,
                0.0003003264428116381
            ],
            [
                0.542420506477356,
                0.45757952332496643
            ],
            [
                0.9999985694885254,
                1.41485372751049e-06
            ],
            [
                0.5342021584510803,
                0.4657978415489197
            ],
            [
                3.0386589060071856e-05,
                0.9999696016311646
            ],
            [
                0.9999897480010986,
                1.0298182132828515e-05
            ]
        ],
        "num_samples": 18
    },
    "args": {
        "labels_csv": "extra_benign_case_grade_match.csv",
        "patches_dir": "/projects/e32998/patches_benign_split",
        "runs_dir": "./runs_seed_analysis",
        "epochs": 30,
        "lr": 0.000208,
        "batch_size": 1,
        "num_workers": 2,
        "embed_dim": 512,
        "per_slice_cap": 800,
        "max_slices_per_stain": 5,
        "seed": 64,
        "resume": null,
        "eval_only": false,
        "analyze_attention": false,
        "attention_top_n": 5,
        "load_splits": "./no_train_val_leakage_splits/data_splits_new_01.npz",
        "checkpoint_dir": "./runs_seed_analysis/20260312_191839_split1_seed64/checkpoints"
    }
}