{
    "train": {
        "best_val_loss": 0.0,
        "epochs": 0
    },
    "test": {
        "test_loss": 0.04143897358608191,
        "test_accuracy": 1.0,
        "test_high_grade_recall": 1.0,
        "test_benign_recall": 1.0,
        "predictions": [
            1,
            1,
            1,
            0,
            0,
            0,
            1,
            1,
            0,
            1,
            1,
            1,
            0,
            1,
            1,
            0,
            1,
            1,
            0
        ],
        "true_labels": [
            1,
            1,
            1,
            0,
            0,
            0,
            1,
            1,
            0,
            1,
            1,
            1,
            0,
            1,
            1,
            0,
            1,
            1,
            0
        ],
        "case_ids": [
            3,
            11,
            17,
            21,
            24,
            34,
            42,
            48,
            53,
            58,
            63,
            70,
            77,
            80,
            88,
            94,
            97,
            106,
            118
        ],
        "prediction_probs": [
            [
                0.006022193934768438,
                0.9939777851104736
            ],
            [
                0.015073137357831001,
                0.9849268198013306
            ],
            [
                0.030464671552181244,
                0.9695353507995605
            ],
            [
                0.9923175573348999,
                0.0076824333518743515
            ],
            [
                0.9719608426094055,
                0.02803918533027172
            ],
            [
                0.9990767240524292,
                0.000923230720218271
            ],
            [
                6.145255611045286e-05,
                0.9999384880065918
            ],
            [
                0.00012724149564746767,
                0.9998726844787598
            ],
            [
                0.97654128074646,
                0.023458747193217278
            ],
            [
                1.0472699614183512e-05,
                0.9999895095825195
            ],
            [
                4.027366685477318e-06,
                0.9999959468841553
            ],
            [
                0.009800507687032223,
                0.9901995062828064
            ],
            [
                0.9648135304450989,
                0.03518648445606232
            ],
            [
                1.3485713168392977e-07,
                0.9999998807907104
            ],
            [
                0.0009610572597011924,
                0.9990389347076416
            ],
            [
                0.6256272792816162,
                0.3743727207183838
            ],
            [
                0.12834176421165466,
                0.8716582655906677
            ],
            [
                2.4010409106267616e-05,
                0.9999760389328003
            ],
            [
                0.9790785312652588,
                0.020921435207128525
            ]
        ],
        "num_samples": 19
    },
    "args": {
        "labels_csv": "extra_benign_case_grade_match.csv",
        "patches_dir": "/projects/e32998/patches_benign_split",
        "runs_dir": "./runs_best_analysis",
        "epochs": 30,
        "lr": 0.000208,
        "batch_size": 1,
        "num_workers": 2,
        "embed_dim": 512,
        "per_slice_cap": 800,
        "max_slices_per_stain": 5,
        "seed": 64,
        "resume": "runs_seed_analysis/20260312_191839_split4_seed64/checkpoints/best.pth",
        "eval_only": true,
        "analyze_attention": false,
        "attention_top_n": 5,
        "load_splits": "./no_train_val_leakage_splits/data_splits_new_04.npz",
        "checkpoint_dir": "./runs_best_analysis/20260313_140942_split4_seed64/checkpoints"
    }
}