{
    "train": {
        "best_val_loss": 0.0,
        "epochs": 0
    },
    "test": {
        "test_loss": 0.2753878141323328,
        "test_accuracy": 0.8947368421052632,
        "test_high_grade_recall": 1.0,
        "test_benign_recall": 0.7142857142857143,
        "predictions": [
            1,
            1,
            1,
            1,
            1,
            0,
            1,
            1,
            1,
            1,
            1,
            0,
            1,
            1,
            1,
            1,
            0,
            0,
            0
        ],
        "true_labels": [
            1,
            1,
            0,
            1,
            1,
            0,
            1,
            1,
            1,
            1,
            1,
            0,
            0,
            1,
            1,
            1,
            0,
            0,
            0
        ],
        "case_ids": [
            9,
            16,
            26,
            32,
            40,
            45,
            50,
            55,
            60,
            67,
            73,
            82,
            86,
            91,
            99,
            101,
            109,
            110,
            111
        ],
        "prediction_probs": [
            [
                9.407702350472391e-07,
                0.9999990463256836
            ],
            [
                0.43617868423461914,
                0.5638213157653809
            ],
            [
                0.041341979056596756,
                0.9586580395698547
            ],
            [
                0.3505602478981018,
                0.6494397521018982
            ],
            [
                4.535512744041625e-06,
                0.9999954700469971
            ],
            [
                0.898229718208313,
                0.10177023708820343
            ],
            [
                0.0919744223356247,
                0.9080255627632141
            ],
            [
                4.210762294398762e-10,
                1.0
            ],
            [
                0.025093544274568558,
                0.9749064445495605
            ],
            [
                1.1015377822332084e-05,
                0.9999890327453613
            ],
            [
                0.0024728206917643547,
                0.9975271821022034
            ],
            [
                0.9999949932098389,
                4.978073320671683e-06
            ],
            [
                0.484515905380249,
                0.515484094619751
            ],
            [
                0.0004466803220566362,
                0.9995532631874084
            ],
            [
                3.414687671465799e-05,
                0.9999659061431885
            ],
            [
                0.002456078538671136,
                0.9975438714027405
            ],
            [
                0.9529589414596558,
                0.04704105108976364
            ],
            [
                0.9996048808097839,
                0.00039508563349954784
            ],
            [
                0.966589093208313,
                0.033410944044589996
            ]
        ],
        "num_samples": 19
    },
    "args": {
        "labels_csv": "extra_benign_case_grade_match.csv",
        "patches_dir": "/projects/e32998/patches_benign_split",
        "runs_dir": "./runs_best_analysis",
        "epochs": 30,
        "lr": 0.000208,
        "batch_size": 1,
        "num_workers": 2,
        "embed_dim": 512,
        "per_slice_cap": 800,
        "max_slices_per_stain": 5,
        "seed": 25,
        "resume": "runs_seed_analysis/20260312_191835_split2_seed25/checkpoints/best.pth",
        "eval_only": true,
        "analyze_attention": false,
        "attention_top_n": 5,
        "load_splits": "./no_train_val_leakage_splits/data_splits_new_02.npz",
        "checkpoint_dir": "./runs_best_analysis/20260313_140950_split2_seed25/checkpoints"
    }
}