{
    "train": {
        "best_val_loss": 0.0,
        "epochs": 0
    },
    "test": {
        "test_loss": 0.2994545846288222,
        "test_accuracy": 0.8888888888888888,
        "test_high_grade_recall": 0.8181818181818182,
        "test_benign_recall": 1.0,
        "predictions": [
            1,
            0,
            0,
            1,
            1,
            0,
            0,
            0,
            0,
            1,
            1,
            1,
            0,
            0,
            1,
            1,
            1,
            0
        ],
        "true_labels": [
            1,
            0,
            0,
            1,
            1,
            0,
            0,
            0,
            1,
            1,
            1,
            1,
            1,
            0,
            1,
            1,
            1,
            0
        ],
        "case_ids": [
            1,
            2,
            4,
            12,
            18,
            23,
            30,
            43,
            47,
            52,
            59,
            64,
            69,
            78,
            83,
            89,
            95,
            96
        ],
        "prediction_probs": [
            [
                0.18494077026844025,
                0.8150591850280762
            ],
            [
                0.9908213019371033,
                0.00917871668934822
            ],
            [
                0.653204619884491,
                0.3467954099178314
            ],
            [
                0.05435008555650711,
                0.9456499218940735
            ],
            [
                0.4440370202064514,
                0.5559630393981934
            ],
            [
                0.96031653881073,
                0.03968347981572151
            ],
            [
                0.9728136658668518,
                0.02718632109463215
            ],
            [
                0.8919029831886292,
                0.10809706896543503
            ],
            [
                0.6795395016670227,
                0.3204605281352997
            ],
            [
                0.008150984533131123,
                0.9918490648269653
            ],
            [
                7.593219197588041e-05,
                0.9999240636825562
            ],
            [
                0.0017871413147076964,
                0.9982129335403442
            ],
            [
                0.8255495429039001,
                0.17445042729377747
            ],
            [
                0.6923534870147705,
                0.3076465427875519
            ],
            [
                0.005299682263284922,
                0.9947003126144409
            ],
            [
                0.2129599153995514,
                0.7870400547981262
            ],
            [
                0.30450621247291565,
                0.6954938173294067
            ],
            [
                0.9460393190383911,
                0.053960759192705154
            ]
        ],
        "num_samples": 18
    },
    "args": {
        "labels_csv": "extra_benign_case_grade_match.csv",
        "patches_dir": "/projects/e32998/patches_benign_split",
        "runs_dir": "./runs_best_analysis",
        "epochs": 30,
        "lr": 0.000208,
        "batch_size": 1,
        "num_workers": 2,
        "embed_dim": 512,
        "per_slice_cap": 800,
        "max_slices_per_stain": 5,
        "seed": 9,
        "resume": "runs_seed_analysis/20260312_191840_split5_seed9/checkpoints/best.pth",
        "eval_only": true,
        "analyze_attention": false,
        "attention_top_n": 5,
        "load_splits": "./no_train_val_leakage_splits/data_splits_new_05.npz",
        "checkpoint_dir": "./runs_best_analysis/20260313_140950_split5_seed9/checkpoints"
    }
}