{
    "train": {
        "best_val_loss": 0.0,
        "epochs": 0
    },
    "test": {
        "test_loss": 0.3810001414661345,
        "test_accuracy": 0.8421052631578947,
        "test_high_grade_recall": 0.9166666666666666,
        "test_benign_recall": 0.7142857142857143,
        "predictions": [
            1,
            1,
            1,
            0,
            1,
            1,
            1,
            1,
            1,
            1,
            1,
            0,
            0,
            1,
            1,
            1,
            0,
            0,
            0
        ],
        "true_labels": [
            1,
            1,
            0,
            1,
            1,
            0,
            1,
            1,
            1,
            1,
            1,
            0,
            0,
            1,
            1,
            1,
            0,
            0,
            0
        ],
        "case_ids": [
            9,
            16,
            26,
            32,
            40,
            45,
            50,
            55,
            60,
            67,
            73,
            82,
            86,
            91,
            99,
            101,
            109,
            110,
            111
        ],
        "prediction_probs": [
            [
                0.3538700044155121,
                0.6461300253868103
            ],
            [
                0.1055719181895256,
                0.8944281339645386
            ],
            [
                0.275316059589386,
                0.724683940410614
            ],
            [
                0.6962960958480835,
                0.3037039041519165
            ],
            [
                0.07055803388357162,
                0.9294419884681702
            ],
            [
                0.2168388068675995,
                0.7831612229347229
            ],
            [
                0.24118709564208984,
                0.7588128447532654
            ],
            [
                0.006976548116654158,
                0.9930233955383301
            ],
            [
                0.19949501752853394,
                0.8005049824714661
            ],
            [
                0.12819522619247437,
                0.8718047142028809
            ],
            [
                0.11438582092523575,
                0.8856141567230225
            ],
            [
                0.8615748286247253,
                0.13842512667179108
            ],
            [
                0.5932382345199585,
                0.4067617952823639
            ],
            [
                0.14567409455776215,
                0.8543258905410767
            ],
            [
                0.02464604377746582,
                0.9753539562225342
            ],
            [
                0.01594511605799198,
                0.9840548634529114
            ],
            [
                0.738983690738678,
                0.2610163390636444
            ],
            [
                0.8317707777023315,
                0.16822916269302368
            ],
            [
                0.6145352125167847,
                0.38546475768089294
            ]
        ],
        "num_samples": 19
    },
    "args": {
        "labels_csv": "extra_benign_case_grade_match.csv",
        "patches_dir": "/projects/e32998/patches_benign_split",
        "runs_dir": "./runs_best_analysis",
        "epochs": 30,
        "lr": 0.000208,
        "batch_size": 1,
        "num_workers": 2,
        "embed_dim": 512,
        "per_slice_cap": 800,
        "max_slices_per_stain": 5,
        "seed": 16,
        "resume": "runs_seed_analysis/20260312_191835_split2_seed16/checkpoints/best.pth",
        "eval_only": true,
        "analyze_attention": false,
        "attention_top_n": 5,
        "load_splits": "./no_train_val_leakage_splits/data_splits_new_02.npz",
        "checkpoint_dir": "./runs_best_analysis/20260313_140950_split2_seed16/checkpoints"
    }
}