{
    "train": {
        "best_val_loss": 0.0,
        "epochs": 0
    },
    "test": {
        "test_loss": 0.2700432825375856,
        "test_accuracy": 0.9444444444444444,
        "test_high_grade_recall": 1.0,
        "test_benign_recall": 0.8571428571428571,
        "predictions": [
            1,
            1,
            1,
            0,
            0,
            0,
            1,
            1,
            1,
            1,
            1,
            1,
            0,
            1,
            0,
            1,
            1,
            0
        ],
        "true_labels": [
            1,
            1,
            1,
            0,
            0,
            0,
            1,
            1,
            1,
            0,
            1,
            1,
            0,
            1,
            0,
            1,
            1,
            0
        ],
        "case_ids": [
            5,
            14,
            19,
            25,
            27,
            36,
            44,
            49,
            54,
            56,
            66,
            72,
            79,
            84,
            90,
            92,
            98,
            119
        ],
        "prediction_probs": [
            [
                1.2484518947530887e-06,
                0.9999988079071045
            ],
            [
                2.137976323757229e-10,
                1.0
            ],
            [
                5.607991170109017e-06,
                0.9999943971633911
            ],
            [
                0.999825656414032,
                0.00017442606622353196
            ],
            [
                0.9982957243919373,
                0.0017042752588167787
            ],
            [
                0.9949206709861755,
                0.005079294089227915
            ],
            [
                0.05225754901766777,
                0.9477424621582031
            ],
            [
                3.1672105251345783e-05,
                0.9999682903289795
            ],
            [
                0.00723022036254406,
                0.9927697777748108
            ],
            [
                0.014434930868446827,
                0.9855651259422302
            ],
            [
                8.121842087760456e-11,
                1.0
            ],
            [
                0.008365733548998833,
                0.9916342496871948
            ],
            [
                0.8392417430877686,
                0.16075824201107025
            ],
            [
                0.306212842464447,
                0.693787157535553
            ],
            [
                0.999907374382019,
                9.2650021542795e-05
            ],
            [
                0.0052921767346560955,
                0.9947078227996826
            ],
            [
                8.020141831366345e-05,
                0.9999197721481323
            ],
            [
                0.9999916553497314,
                8.350019925273955e-06
            ]
        ],
        "num_samples": 18
    },
    "args": {
        "labels_csv": "extra_benign_case_grade_match.csv",
        "patches_dir": "/projects/e32998/patches_benign_split",
        "runs_dir": "./runs_best_analysis",
        "epochs": 30,
        "lr": 0.000208,
        "batch_size": 1,
        "num_workers": 2,
        "embed_dim": 512,
        "per_slice_cap": 800,
        "max_slices_per_stain": 5,
        "seed": 25,
        "resume": "runs_seed_analysis/20260312_191840_split1_seed25/checkpoints/best.pth",
        "eval_only": true,
        "analyze_attention": false,
        "attention_top_n": 5,
        "load_splits": "./no_train_val_leakage_splits/data_splits_new_01.npz",
        "checkpoint_dir": "./runs_best_analysis/20260313_140942_split1_seed25/checkpoints"
    }
}