{
    "train": {
        "best_val_loss": 0.3106505046361172,
        "epochs": 13
    },
    "test": {
        "test_loss": 0.04418592837465727,
        "test_accuracy": 1.0,
        "test_high_grade_recall": 1.0,
        "test_benign_recall": 1.0,
        "predictions": [
            1,
            1,
            1,
            0,
            0,
            0,
            1,
            1,
            0,
            1,
            1,
            1,
            0,
            1,
            1,
            0,
            1,
            1,
            0
        ],
        "true_labels": [
            1,
            1,
            1,
            0,
            0,
            0,
            1,
            1,
            0,
            1,
            1,
            1,
            0,
            1,
            1,
            0,
            1,
            1,
            0
        ],
        "case_ids": [
            3,
            11,
            17,
            21,
            24,
            34,
            42,
            48,
            53,
            58,
            63,
            70,
            77,
            80,
            88,
            94,
            97,
            106,
            118
        ],
        "prediction_probs": [
            [
                0.000480302725918591,
                0.9995197057723999
            ],
            [
                0.004412205424159765,
                0.9955878257751465
            ],
            [
                0.026469675824046135,
                0.9735302925109863
            ],
            [
                0.9024071097373962,
                0.09759287536144257
            ],
            [
                0.9971531629562378,
                0.002846786519512534
            ],
            [
                0.9997077584266663,
                0.0002922678831964731
            ],
            [
                0.0004760419251397252,
                0.9995239973068237
            ],
            [
                0.0002001485408982262,
                0.999799907207489
            ],
            [
                0.9984826445579529,
                0.0015173908323049545
            ],
            [
                0.0001640026894165203,
                0.9998359680175781
            ],
            [
                9.126451914198697e-06,
                0.9999908208847046
            ],
            [
                0.21003319323062897,
                0.7899667620658875
            ],
            [
                0.8373490571975708,
                0.162650927901268
            ],
            [
                3.179216264470597e-06,
                0.9999967813491821
            ],
            [
                0.020822007209062576,
                0.9791780114173889
            ],
            [
                0.8414594531059265,
                0.1585405468940735
            ],
            [
                0.02902931161224842,
                0.9709706902503967
            ],
            [
                1.5049155081214849e-05,
                0.9999849796295166
            ],
            [
                0.9387667775154114,
                0.06123320758342743
            ]
        ],
        "num_samples": 19
    },
    "args": {
        "labels_csv": "extra_benign_case_grade_match.csv",
        "patches_dir": "/projects/e32998/patches_benign_split",
        "runs_dir": "./runs_seed_analysis",
        "epochs": 30,
        "lr": 0.000208,
        "batch_size": 1,
        "num_workers": 2,
        "embed_dim": 512,
        "per_slice_cap": 800,
        "max_slices_per_stain": 5,
        "seed": 49,
        "resume": null,
        "eval_only": false,
        "analyze_attention": false,
        "attention_top_n": 5,
        "load_splits": "./no_train_val_leakage_splits/data_splits_new_04.npz",
        "checkpoint_dir": "./runs_seed_analysis/20260312_191839_split4_seed49/checkpoints"
    }
}