{
    "train": {
        "best_val_loss": 0.2614418240218105,
        "epochs": 12
    },
    "test": {
        "test_loss": 0.6374331453915515,
        "test_accuracy": 0.8421052631578947,
        "test_high_grade_recall": 0.9166666666666666,
        "test_benign_recall": 0.7142857142857143,
        "predictions": [
            1,
            0,
            0,
            0,
            1,
            1,
            1,
            1,
            1,
            1,
            1,
            1,
            0,
            1,
            1,
            1,
            1,
            0,
            0
        ],
        "true_labels": [
            1,
            1,
            0,
            0,
            1,
            1,
            0,
            1,
            1,
            1,
            1,
            1,
            0,
            1,
            0,
            1,
            1,
            0,
            0
        ],
        "case_ids": [
            7,
            15,
            22,
            28,
            38,
            41,
            46,
            51,
            57,
            61,
            68,
            75,
            85,
            87,
            93,
            100,
            104,
            107,
            108
        ],
        "prediction_probs": [
            [
                1.5829356714291976e-09,
                1.0
            ],
            [
                0.877679169178009,
                0.12232086062431335
            ],
            [
                0.9999428987503052,
                5.7139732234645635e-05
            ],
            [
                0.999711811542511,
                0.00028821598971262574
            ],
            [
                0.0002472220512572676,
                0.9997528195381165
            ],
            [
                1.690644603513647e-05,
                0.9999830722808838
            ],
            [
                0.028072498738765717,
                0.9719274640083313
            ],
            [
                0.22188007831573486,
                0.7781199216842651
            ],
            [
                7.412015293084551e-06,
                0.9999926090240479
            ],
            [
                0.001178630511276424,
                0.9988213181495667
            ],
            [
                3.341201818329864e-06,
                0.9999966621398926
            ],
            [
                5.041678741690703e-05,
                0.99994957447052
            ],
            [
                0.9987661838531494,
                0.0012338384985923767
            ],
            [
                2.172311042158981e-06,
                0.9999978542327881
            ],
            [
                0.0020645062904804945,
                0.9979355335235596
            ],
            [
                2.8642000415857183e-07,
                0.9999997615814209
            ],
            [
                2.1634377844748087e-06,
                0.9999978542327881
            ],
            [
                0.9998999834060669,
                9.999694157158956e-05
            ],
            [
                0.99977046251297,
                0.0002295796002727002
            ]
        ],
        "num_samples": 19
    },
    "args": {
        "labels_csv": "extra_benign_case_grade_match.csv",
        "patches_dir": "/projects/e32998/patches_benign_split",
        "runs_dir": "./runs_seed_analysis",
        "epochs": 30,
        "lr": 0.000208,
        "batch_size": 1,
        "num_workers": 2,
        "embed_dim": 512,
        "per_slice_cap": 800,
        "max_slices_per_stain": 5,
        "seed": 4,
        "resume": null,
        "eval_only": false,
        "analyze_attention": false,
        "attention_top_n": 5,
        "load_splits": "./no_train_val_leakage_splits/data_splits_new_03.npz",
        "checkpoint_dir": "./runs_seed_analysis/20260312_191819_split3_seed4/checkpoints"
    }
}