{
    "train": {
        "best_val_loss": 0.0,
        "epochs": 0
    },
    "test": {
        "test_loss": 0.2761135437137311,
        "test_accuracy": 0.8421052631578947,
        "test_high_grade_recall": 0.9166666666666666,
        "test_benign_recall": 0.7142857142857143,
        "predictions": [
            1,
            0,
            0,
            0,
            1,
            1,
            1,
            1,
            1,
            1,
            1,
            1,
            0,
            1,
            1,
            1,
            1,
            0,
            0
        ],
        "true_labels": [
            1,
            1,
            0,
            0,
            1,
            1,
            0,
            1,
            1,
            1,
            1,
            1,
            0,
            1,
            0,
            1,
            1,
            0,
            0
        ],
        "case_ids": [
            7,
            15,
            22,
            28,
            38,
            41,
            46,
            51,
            57,
            61,
            68,
            75,
            85,
            87,
            93,
            100,
            104,
            107,
            108
        ],
        "prediction_probs": [
            [
                5.764774414274143e-06,
                0.9999942779541016
            ],
            [
                0.6258940100669861,
                0.37410596013069153
            ],
            [
                0.9485160112380981,
                0.05148407444357872
            ],
            [
                0.9962961077690125,
                0.003703869180753827
            ],
            [
                0.0008958204998634756,
                0.9991042017936707
            ],
            [
                0.055462468415498734,
                0.9445375204086304
            ],
            [
                0.20330654084682465,
                0.7966933846473694
            ],
            [
                0.2584001421928406,
                0.7415998578071594
            ],
            [
                0.0008053373894654214,
                0.9991946816444397
            ],
            [
                0.03810086101293564,
                0.9618991613388062
            ],
            [
                0.007245395332574844,
                0.9927546381950378
            ],
            [
                0.15256136655807495,
                0.847438633441925
            ],
            [
                0.9613531231880188,
                0.03864682465791702
            ],
            [
                0.012315811589360237,
                0.9876841306686401
            ],
            [
                0.19646532833576202,
                0.8035346865653992
            ],
            [
                0.0014772632857784629,
                0.9985226988792419
            ],
            [
                0.006188143976032734,
                0.993811845779419
            ],
            [
                0.872093677520752,
                0.12790632247924805
            ],
            [
                0.8022403120994568,
                0.19775967299938202
            ]
        ],
        "num_samples": 19
    },
    "args": {
        "labels_csv": "extra_benign_case_grade_match.csv",
        "patches_dir": "/projects/e32998/patches_benign_split",
        "runs_dir": "./runs_best_analysis",
        "epochs": 30,
        "lr": 0.000208,
        "batch_size": 1,
        "num_workers": 2,
        "embed_dim": 512,
        "per_slice_cap": 800,
        "max_slices_per_stain": 5,
        "seed": 100,
        "resume": "runs_seed_analysis/20260312_191839_split3_seed100/checkpoints/best.pth",
        "eval_only": true,
        "analyze_attention": false,
        "attention_top_n": 5,
        "load_splits": "./no_train_val_leakage_splits/data_splits_new_03.npz",
        "checkpoint_dir": "./runs_best_analysis/20260313_140950_split3_seed100/checkpoints"
    }
}