{
    "train": {
        "best_val_loss": 0.22241391218470447,
        "epochs": 16
    },
    "test": {
        "test_loss": 0.01178469241602561,
        "test_accuracy": 1.0,
        "test_high_grade_recall": 1.0,
        "test_benign_recall": 1.0,
        "predictions": [
            1,
            1,
            1,
            0,
            0,
            0,
            1,
            1,
            0,
            1,
            1,
            1,
            0,
            1,
            1,
            0,
            1,
            1,
            0
        ],
        "true_labels": [
            1,
            1,
            1,
            0,
            0,
            0,
            1,
            1,
            0,
            1,
            1,
            1,
            0,
            1,
            1,
            0,
            1,
            1,
            0
        ],
        "case_ids": [
            3,
            11,
            17,
            21,
            24,
            34,
            42,
            48,
            53,
            58,
            63,
            70,
            77,
            80,
            88,
            94,
            97,
            106,
            118
        ],
        "prediction_probs": [
            [
                0.0033339173533022404,
                0.9966661334037781
            ],
            [
                0.0039013007190078497,
                0.9960986375808716
            ],
            [
                0.0042047444730997086,
                0.9957952499389648
            ],
            [
                0.946733832359314,
                0.053266119211912155
            ],
            [
                0.9981012940406799,
                0.0018987283110618591
            ],
            [
                0.9999992847442627,
                6.571439712388383e-07
            ],
            [
                0.00012488345964811742,
                0.9998750686645508
            ],
            [
                0.00018188402464147657,
                0.9998181462287903
            ],
            [
                0.9992465972900391,
                0.0007534415344707668
            ],
            [
                9.54875213210471e-06,
                0.9999904632568359
            ],
            [
                1.1834295037260745e-06,
                0.9999988079071045
            ],
            [
                0.04507065191864967,
                0.9549292922019958
            ],
            [
                0.9999773502349854,
                2.2665262804366648e-05
            ],
            [
                9.031147385485383e-08,
                0.9999998807907104
            ],
            [
                0.005322934128344059,
                0.9946770668029785
            ],
            [
                0.9058660864830017,
                0.09413396567106247
            ],
            [
                0.0020545548759400845,
                0.9979454874992371
            ],
            [
                9.972361567633925e-07,
                0.9999990463256836
            ],
            [
                0.9976646900177002,
                0.0023352736607193947
            ]
        ],
        "num_samples": 19
    },
    "args": {
        "labels_csv": "extra_benign_case_grade_match.csv",
        "patches_dir": "/projects/e32998/patches_benign_split",
        "runs_dir": "./runs_seed_analysis",
        "epochs": 30,
        "lr": 0.000208,
        "batch_size": 1,
        "num_workers": 2,
        "embed_dim": 512,
        "per_slice_cap": 800,
        "max_slices_per_stain": 5,
        "seed": 64,
        "resume": null,
        "eval_only": false,
        "analyze_attention": false,
        "attention_top_n": 5,
        "load_splits": "./no_train_val_leakage_splits/data_splits_new_04.npz",
        "checkpoint_dir": "./runs_seed_analysis/20260312_191839_split4_seed64/checkpoints"
    }
}