{
    "train": {
        "best_val_loss": 0.0,
        "epochs": 0
    },
    "test": {
        "test_loss": 0.48717946624251335,
        "test_accuracy": 0.8421052631578947,
        "test_high_grade_recall": 0.8333333333333334,
        "test_benign_recall": 0.8571428571428571,
        "predictions": [
            1,
            1,
            0,
            0,
            1,
            1,
            1,
            1,
            1,
            0,
            1,
            0,
            0,
            1,
            0,
            1,
            1,
            0,
            0
        ],
        "true_labels": [
            1,
            1,
            0,
            0,
            1,
            1,
            0,
            1,
            1,
            1,
            1,
            1,
            0,
            1,
            0,
            1,
            1,
            0,
            0
        ],
        "case_ids": [
            7,
            15,
            22,
            28,
            38,
            41,
            46,
            51,
            57,
            61,
            68,
            75,
            85,
            87,
            93,
            100,
            104,
            107,
            108
        ],
        "prediction_probs": [
            [
                7.924135729808768e-07,
                0.9999991655349731
            ],
            [
                0.21849298477172852,
                0.7815070152282715
            ],
            [
                0.9991714954376221,
                0.0008285535150207579
            ],
            [
                0.9980329871177673,
                0.001967035001143813
            ],
            [
                0.0005773406592197716,
                0.9994226694107056
            ],
            [
                0.00028208622825331986,
                0.9997178912162781
            ],
            [
                0.12410764396190643,
                0.8758922815322876
            ],
            [
                0.21644751727581024,
                0.7835524678230286
            ],
            [
                4.4954267650609836e-05,
                0.9999550580978394
            ],
            [
                0.9534666538238525,
                0.04653334245085716
            ],
            [
                0.028876669704914093,
                0.9711233377456665
            ],
            [
                0.9710085391998291,
                0.028991486877202988
            ],
            [
                0.9949042797088623,
                0.00509575055912137
            ],
            [
                0.010109231807291508,
                0.9898908138275146
            ],
            [
                0.9790031313896179,
                0.0209968164563179
            ],
            [
                0.0005224013002589345,
                0.9994775652885437
            ],
            [
                6.314730853773654e-05,
                0.9999368190765381
            ],
            [
                0.9998055100440979,
                0.0001944857503985986
            ],
            [
                0.9992590546607971,
                0.0007408913224935532
            ]
        ],
        "num_samples": 19
    },
    "args": {
        "labels_csv": "extra_benign_case_grade_match.csv",
        "patches_dir": "/projects/e32998/patches_benign_split",
        "runs_dir": "./runs_best_analysis",
        "epochs": 30,
        "lr": 0.000208,
        "batch_size": 1,
        "num_workers": 2,
        "embed_dim": 512,
        "per_slice_cap": 800,
        "max_slices_per_stain": 5,
        "seed": 25,
        "resume": "runs_seed_analysis/20260312_191840_split3_seed25/checkpoints/best.pth",
        "eval_only": true,
        "analyze_attention": false,
        "attention_top_n": 5,
        "load_splits": "./no_train_val_leakage_splits/data_splits_new_03.npz",
        "checkpoint_dir": "./runs_best_analysis/20260313_140950_split3_seed25/checkpoints"
    }
}