{
    "train": {
        "best_val_loss": 0.0,
        "epochs": 0
    },
    "test": {
        "test_loss": 0.1963676597059583,
        "test_accuracy": 0.9473684210526315,
        "test_high_grade_recall": 1.0,
        "test_benign_recall": 0.8571428571428571,
        "predictions": [
            1,
            1,
            1,
            0,
            0,
            0,
            1,
            1,
            0,
            1,
            1,
            1,
            0,
            1,
            1,
            1,
            1,
            1,
            0
        ],
        "true_labels": [
            1,
            1,
            1,
            0,
            0,
            0,
            1,
            1,
            0,
            1,
            1,
            1,
            0,
            1,
            1,
            0,
            1,
            1,
            0
        ],
        "case_ids": [
            3,
            11,
            17,
            21,
            24,
            34,
            42,
            48,
            53,
            58,
            63,
            70,
            77,
            80,
            88,
            94,
            97,
            106,
            118
        ],
        "prediction_probs": [
            [
                0.0003883822064381093,
                0.9996116757392883
            ],
            [
                0.07439812272787094,
                0.9256018996238708
            ],
            [
                0.01764867827296257,
                0.9823513031005859
            ],
            [
                0.9973587393760681,
                0.002641289960592985
            ],
            [
                0.992866039276123,
                0.007133930921554565
            ],
            [
                0.9965584874153137,
                0.0034414955880492926
            ],
            [
                0.00046491759712807834,
                0.999535083770752
            ],
            [
                0.0002182705793529749,
                0.9997817873954773
            ],
            [
                0.9579073190689087,
                0.042092666029930115
            ],
            [
                1.439746301912237e-05,
                0.9999855756759644
            ],
            [
                8.227593207266182e-05,
                0.99991774559021
            ],
            [
                0.03160261735320091,
                0.9683974385261536
            ],
            [
                0.9221563339233398,
                0.07784368097782135
            ],
            [
                4.4145124888927967e-07,
                0.9999995231628418
            ],
            [
                0.022732891142368317,
                0.9772671461105347
            ],
            [
                0.03278810530900955,
                0.9672118425369263
            ],
            [
                0.019335048273205757,
                0.9806649684906006
            ],
            [
                5.084134500066284e-06,
                0.9999948740005493
            ],
            [
                0.9949370622634888,
                0.005062874406576157
            ]
        ],
        "num_samples": 19
    },
    "args": {
        "labels_csv": "extra_benign_case_grade_match.csv",
        "patches_dir": "/projects/e32998/patches_benign_split",
        "runs_dir": "./runs_best_analysis",
        "epochs": 30,
        "lr": 0.000208,
        "batch_size": 1,
        "num_workers": 2,
        "embed_dim": 512,
        "per_slice_cap": 800,
        "max_slices_per_stain": 5,
        "seed": 9,
        "resume": "runs_seed_analysis/20260312_191840_split4_seed9/checkpoints/best.pth",
        "eval_only": true,
        "analyze_attention": false,
        "attention_top_n": 5,
        "load_splits": "./no_train_val_leakage_splits/data_splits_new_04.npz",
        "checkpoint_dir": "./runs_best_analysis/20260313_140950_split4_seed9/checkpoints"
    }
}