{
    "train": {
        "best_val_loss": 0.0,
        "epochs": 0
    },
    "test": {
        "test_loss": 0.2457988962765544,
        "test_accuracy": 0.8947368421052632,
        "test_high_grade_recall": 0.9166666666666666,
        "test_benign_recall": 0.8571428571428571,
        "predictions": [
            1,
            1,
            0,
            0,
            1,
            1,
            1,
            1,
            1,
            0,
            1,
            1,
            0,
            1,
            0,
            1,
            1,
            0,
            0
        ],
        "true_labels": [
            1,
            1,
            0,
            0,
            1,
            1,
            0,
            1,
            1,
            1,
            1,
            1,
            0,
            1,
            0,
            1,
            1,
            0,
            0
        ],
        "case_ids": [
            7,
            15,
            22,
            28,
            38,
            41,
            46,
            51,
            57,
            61,
            68,
            75,
            85,
            87,
            93,
            100,
            104,
            107,
            108
        ],
        "prediction_probs": [
            [
                6.33623358226032e-08,
                0.9999998807907104
            ],
            [
                0.4551560878753662,
                0.544843852519989
            ],
            [
                0.9998894929885864,
                0.0001104555994970724
            ],
            [
                0.9999229907989502,
                7.700990681769326e-05
            ],
            [
                0.0002724511141423136,
                0.9997275471687317
            ],
            [
                0.00021989109518472105,
                0.9997801184654236
            ],
            [
                0.11154400557279587,
                0.8884559869766235
            ],
            [
                0.09918452799320221,
                0.900815486907959
            ],
            [
                1.3129186299920548e-05,
                0.9999868869781494
            ],
            [
                0.7977979183197021,
                0.20220212638378143
            ],
            [
                0.000497564091347158,
                0.999502420425415
            ],
            [
                0.04411255195736885,
                0.9558874368667603
            ],
            [
                0.9926576018333435,
                0.007342406082898378
            ],
            [
                0.0008381778607144952,
                0.9991618394851685
            ],
            [
                0.894325315952301,
                0.1056746244430542
            ],
            [
                1.5058429198688827e-05,
                0.9999849796295166
            ],
            [
                3.6205092328600585e-05,
                0.9999637603759766
            ],
            [
                0.9999784231185913,
                2.160151780117303e-05
            ],
            [
                0.9996278285980225,
                0.0003721994289662689
            ]
        ],
        "num_samples": 19
    },
    "args": {
        "labels_csv": "extra_benign_case_grade_match.csv",
        "patches_dir": "/projects/e32998/patches_benign_split",
        "runs_dir": "./runs_best_analysis",
        "epochs": 30,
        "lr": 0.000208,
        "batch_size": 1,
        "num_workers": 2,
        "embed_dim": 512,
        "per_slice_cap": 800,
        "max_slices_per_stain": 5,
        "seed": 36,
        "resume": "runs_seed_analysis/20260312_191839_split3_seed36/checkpoints/best.pth",
        "eval_only": true,
        "analyze_attention": false,
        "attention_top_n": 5,
        "load_splits": "./no_train_val_leakage_splits/data_splits_new_03.npz",
        "checkpoint_dir": "./runs_best_analysis/20260313_140942_split3_seed36/checkpoints"
    }
}