{
    "train": {
        "best_val_loss": 0.1480980730462353,
        "epochs": 14
    },
    "test": {
        "test_loss": 0.47877843332447045,
        "test_accuracy": 0.8947368421052632,
        "test_high_grade_recall": 1.0,
        "test_benign_recall": 0.7142857142857143,
        "predictions": [
            1,
            1,
            1,
            1,
            1,
            0,
            1,
            1,
            1,
            1,
            1,
            0,
            0,
            1,
            1,
            1,
            0,
            0,
            1
        ],
        "true_labels": [
            1,
            1,
            0,
            1,
            1,
            0,
            1,
            1,
            1,
            1,
            1,
            0,
            0,
            1,
            1,
            1,
            0,
            0,
            0
        ],
        "case_ids": [
            9,
            16,
            26,
            32,
            40,
            45,
            50,
            55,
            60,
            67,
            73,
            82,
            86,
            91,
            99,
            101,
            109,
            110,
            111
        ],
        "prediction_probs": [
            [
                7.653083594050258e-05,
                0.9999234676361084
            ],
            [
                0.04016192629933357,
                0.9598381519317627
            ],
            [
                0.0007075427565723658,
                0.9992923736572266
            ],
            [
                0.17350861430168152,
                0.8264913558959961
            ],
            [
                8.074677680269815e-06,
                0.9999918937683105
            ],
            [
                0.8295363783836365,
                0.17046359181404114
            ],
            [
                0.006010440643876791,
                0.9939895868301392
            ],
            [
                7.42345851456605e-10,
                1.0
            ],
            [
                0.1776355504989624,
                0.8223643898963928
            ],
            [
                0.0007520147482864559,
                0.9992479681968689
            ],
            [
                0.00016295192472171038,
                0.9998370409011841
            ],
            [
                0.9999713897705078,
                2.8602373276953585e-05
            ],
            [
                0.8280766010284424,
                0.1719234138727188
            ],
            [
                0.17876558005809784,
                0.821234405040741
            ],
            [
                9.251548181055114e-05,
                0.9999074935913086
            ],
            [
                1.938591231009923e-05,
                0.9999805688858032
            ],
            [
                0.967410147190094,
                0.0325898639857769
            ],
            [
                0.9999591112136841,
                4.0918414015322924e-05
            ],
            [
                0.4479278028011322,
                0.5520722270011902
            ]
        ],
        "num_samples": 19
    },
    "args": {
        "labels_csv": "extra_benign_case_grade_match.csv",
        "patches_dir": "/projects/e32998/patches_benign_split",
        "runs_dir": "./runs_seed_analysis",
        "epochs": 30,
        "lr": 0.000208,
        "batch_size": 1,
        "num_workers": 2,
        "embed_dim": 512,
        "per_slice_cap": 800,
        "max_slices_per_stain": 5,
        "seed": 100,
        "resume": null,
        "eval_only": false,
        "analyze_attention": false,
        "attention_top_n": 5,
        "load_splits": "./no_train_val_leakage_splits/data_splits_new_02.npz",
        "checkpoint_dir": "./runs_seed_analysis/20260312_191842_split2_seed100/checkpoints"
    }
}