{
    "train": {
        "best_val_loss": 0.0,
        "epochs": 0
    },
    "test": {
        "test_loss": 0.30324416107491947,
        "test_accuracy": 0.8947368421052632,
        "test_high_grade_recall": 0.9166666666666666,
        "test_benign_recall": 0.8571428571428571,
        "predictions": [
            1,
            0,
            0,
            0,
            1,
            1,
            1,
            1,
            1,
            1,
            1,
            1,
            0,
            1,
            0,
            1,
            1,
            0,
            0
        ],
        "true_labels": [
            1,
            1,
            0,
            0,
            1,
            1,
            0,
            1,
            1,
            1,
            1,
            1,
            0,
            1,
            0,
            1,
            1,
            0,
            0
        ],
        "case_ids": [
            7,
            15,
            22,
            28,
            38,
            41,
            46,
            51,
            57,
            61,
            68,
            75,
            85,
            87,
            93,
            100,
            104,
            107,
            108
        ],
        "prediction_probs": [
            [
                9.544542933781486e-08,
                0.9999998807907104
            ],
            [
                0.8297927379608154,
                0.17020727694034576
            ],
            [
                0.9963114857673645,
                0.0036885046865791082
            ],
            [
                0.9953824877738953,
                0.004617453087121248
            ],
            [
                0.00018965033814311028,
                0.9998103976249695
            ],
            [
                0.0011752537684515119,
                0.9988247752189636
            ],
            [
                0.04117203131318092,
                0.9588280320167542
            ],
            [
                0.2315790206193924,
                0.7684210538864136
            ],
            [
                1.5463789168279618e-05,
                0.9999845027923584
            ],
            [
                0.3772451877593994,
                0.6227548122406006
            ],
            [
                0.004952965769916773,
                0.9950470924377441
            ],
            [
                0.015215334482491016,
                0.984784722328186
            ],
            [
                0.991605281829834,
                0.008394747041165829
            ],
            [
                0.0005503571592271328,
                0.9994496703147888
            ],
            [
                0.9799212217330933,
                0.020078709349036217
            ],
            [
                0.0002300952182849869,
                0.9997698664665222
            ],
            [
                3.4815791877917945e-05,
                0.9999651908874512
            ],
            [
                0.9994814991950989,
                0.0005185110494494438
            ],
            [
                0.9961722493171692,
                0.003827762557193637
            ]
        ],
        "num_samples": 19
    },
    "args": {
        "labels_csv": "extra_benign_case_grade_match.csv",
        "patches_dir": "/projects/e32998/patches_benign_split",
        "runs_dir": "./runs_best_analysis",
        "epochs": 30,
        "lr": 0.000208,
        "batch_size": 1,
        "num_workers": 2,
        "embed_dim": 512,
        "per_slice_cap": 800,
        "max_slices_per_stain": 5,
        "seed": 16,
        "resume": "runs_seed_analysis/20260312_191840_split3_seed16/checkpoints/best.pth",
        "eval_only": true,
        "analyze_attention": false,
        "attention_top_n": 5,
        "load_splits": "./no_train_val_leakage_splits/data_splits_new_03.npz",
        "checkpoint_dir": "./runs_best_analysis/20260313_140950_split3_seed16/checkpoints"
    }
}