{
    "train": {
        "best_val_loss": 0.0,
        "epochs": 0
    },
    "test": {
        "test_loss": 0.17964524474691165,
        "test_accuracy": 0.9473684210526315,
        "test_high_grade_recall": 1.0,
        "test_benign_recall": 0.8571428571428571,
        "predictions": [
            1,
            1,
            0,
            0,
            1,
            1,
            1,
            1,
            1,
            1,
            1,
            1,
            0,
            1,
            0,
            1,
            1,
            0,
            0
        ],
        "true_labels": [
            1,
            1,
            0,
            0,
            1,
            1,
            0,
            1,
            1,
            1,
            1,
            1,
            0,
            1,
            0,
            1,
            1,
            0,
            0
        ],
        "case_ids": [
            7,
            15,
            22,
            28,
            38,
            41,
            46,
            51,
            57,
            61,
            68,
            75,
            85,
            87,
            93,
            100,
            104,
            107,
            108
        ],
        "prediction_probs": [
            [
                2.941629645647481e-05,
                0.999970555305481
            ],
            [
                0.4024694859981537,
                0.5975305438041687
            ],
            [
                0.9778850674629211,
                0.0221149493008852
            ],
            [
                0.9733129739761353,
                0.02668704092502594
            ],
            [
                0.00633692741394043,
                0.9936630725860596
            ],
            [
                0.03178134188055992,
                0.9682186841964722
            ],
            [
                0.11537705361843109,
                0.8846229910850525
            ],
            [
                0.15102335810661316,
                0.8489766120910645
            ],
            [
                0.0026226055342704058,
                0.9973773956298828
            ],
            [
                0.07113689184188843,
                0.9288631081581116
            ],
            [
                0.001621479750610888,
                0.9983785152435303
            ],
            [
                0.05223584175109863,
                0.9477642178535461
            ],
            [
                0.901513934135437,
                0.0984860360622406
            ],
            [
                0.012186966836452484,
                0.9878130555152893
            ],
            [
                0.8272022008895874,
                0.1727978140115738
            ],
            [
                0.00020621651492547244,
                0.9997938275337219
            ],
            [
                0.002639972371980548,
                0.9973600506782532
            ],
            [
                0.9934539794921875,
                0.006546083837747574
            ],
            [
                0.960614025592804,
                0.039385996758937836
            ]
        ],
        "num_samples": 19
    },
    "args": {
        "labels_csv": "extra_benign_case_grade_match.csv",
        "patches_dir": "/projects/e32998/patches_benign_split",
        "runs_dir": "./runs_best_analysis",
        "epochs": 30,
        "lr": 0.000208,
        "batch_size": 1,
        "num_workers": 2,
        "embed_dim": 512,
        "per_slice_cap": 800,
        "max_slices_per_stain": 5,
        "seed": 4,
        "resume": "runs_seed_analysis/20260312_191819_split3_seed4/checkpoints/best.pth",
        "eval_only": true,
        "analyze_attention": false,
        "attention_top_n": 5,
        "load_splits": "./no_train_val_leakage_splits/data_splits_new_03.npz",
        "checkpoint_dir": "./runs_best_analysis/20260313_140950_split3_seed4/checkpoints"
    }
}