{
    "train": {
        "best_val_loss": 0.3398251775713441,
        "epochs": 11
    },
    "test": {
        "test_loss": 0.25243743814066993,
        "test_accuracy": 0.8947368421052632,
        "test_high_grade_recall": 0.8333333333333334,
        "test_benign_recall": 1.0,
        "predictions": [
            1,
            1,
            0,
            0,
            0,
            0,
            1,
            1,
            0,
            1,
            1,
            1,
            0,
            1,
            1,
            0,
            0,
            1,
            0
        ],
        "true_labels": [
            1,
            1,
            1,
            0,
            0,
            0,
            1,
            1,
            0,
            1,
            1,
            1,
            0,
            1,
            1,
            0,
            1,
            1,
            0
        ],
        "case_ids": [
            3,
            11,
            17,
            21,
            24,
            34,
            42,
            48,
            53,
            58,
            63,
            70,
            77,
            80,
            88,
            94,
            97,
            106,
            118
        ],
        "prediction_probs": [
            [
                0.003308061510324478,
                0.9966919422149658
            ],
            [
                0.24425053596496582,
                0.7557494640350342
            ],
            [
                0.6703963875770569,
                0.32960355281829834
            ],
            [
                0.9783427119255066,
                0.021657221019268036
            ],
            [
                0.9999644756317139,
                3.5575689253164455e-05
            ],
            [
                0.999991774559021,
                8.195572263502982e-06
            ],
            [
                0.0037724378053098917,
                0.9962276220321655
            ],
            [
                0.00010674526129150763,
                0.9998931884765625
            ],
            [
                0.998701810836792,
                0.001298160757869482
            ],
            [
                2.3478155526390765e-06,
                0.999997615814209
            ],
            [
                2.5623825422371738e-05,
                0.9999743700027466
            ],
            [
                0.0008001644164323807,
                0.9991998076438904
            ],
            [
                0.9999277591705322,
                7.228135655168444e-05
            ],
            [
                9.517558282823302e-06,
                0.9999904632568359
            ],
            [
                0.010507042519748211,
                0.9894930124282837
            ],
            [
                0.7950851321220398,
                0.20491483807563782
            ],
            [
                0.956505298614502,
                0.043494731187820435
            ],
            [
                1.0654741799953626e-06,
                0.999998927116394
            ],
            [
                0.999932050704956,
                6.794989167246968e-05
            ]
        ],
        "num_samples": 19
    },
    "args": {
        "labels_csv": "extra_benign_case_grade_match.csv",
        "patches_dir": "/projects/e32998/patches_benign_split",
        "runs_dir": "./runs_seed_analysis",
        "epochs": 30,
        "lr": 0.000208,
        "batch_size": 1,
        "num_workers": 2,
        "embed_dim": 512,
        "per_slice_cap": 800,
        "max_slices_per_stain": 5,
        "seed": 1,
        "resume": null,
        "eval_only": false,
        "analyze_attention": false,
        "attention_top_n": 5,
        "load_splits": "./no_train_val_leakage_splits/data_splits_new_04.npz",
        "checkpoint_dir": "./runs_seed_analysis/20260312_191819_split4_seed1/checkpoints"
    }
}