{
    "train": {
        "best_val_loss": 0.23100555113141077,
        "epochs": 11
    },
    "test": {
        "test_loss": 0.15487885987848932,
        "test_accuracy": 0.9473684210526315,
        "test_high_grade_recall": 0.9166666666666666,
        "test_benign_recall": 1.0,
        "predictions": [
            1,
            1,
            1,
            0,
            0,
            0,
            1,
            1,
            0,
            1,
            1,
            1,
            0,
            1,
            1,
            0,
            0,
            1,
            0
        ],
        "true_labels": [
            1,
            1,
            1,
            0,
            0,
            0,
            1,
            1,
            0,
            1,
            1,
            1,
            0,
            1,
            1,
            0,
            1,
            1,
            0
        ],
        "case_ids": [
            3,
            11,
            17,
            21,
            24,
            34,
            42,
            48,
            53,
            58,
            63,
            70,
            77,
            80,
            88,
            94,
            97,
            106,
            118
        ],
        "prediction_probs": [
            [
                0.0033687343820929527,
                0.9966312050819397
            ],
            [
                5.243781197350472e-05,
                0.9999475479125977
            ],
            [
                0.17574560642242432,
                0.8242544531822205
            ],
            [
                0.9977534413337708,
                0.0022465556394308805
            ],
            [
                0.9998062252998352,
                0.0001938267087098211
            ],
            [
                0.9999871253967285,
                1.2835770576202776e-05
            ],
            [
                0.00011518891551531851,
                0.999884843826294
            ],
            [
                2.353281706746202e-05,
                0.9999765157699585
            ],
            [
                0.9974017143249512,
                0.0025982672814279795
            ],
            [
                2.432492010484566e-06,
                0.999997615814209
            ],
            [
                6.914356731613225e-07,
                0.9999992847442627
            ],
            [
                0.044483501464128494,
                0.9555164575576782
            ],
            [
                0.9997637867927551,
                0.00023622387379873544
            ],
            [
                3.7711970435339026e-07,
                0.9999996423721313
            ],
            [
                8.679545135237277e-05,
                0.999913215637207
            ],
            [
                0.7935687899589539,
                0.20643113553524017
            ],
            [
                0.9148063659667969,
                0.08519361168146133
            ],
            [
                1.5394633010146208e-05,
                0.999984622001648
            ],
            [
                0.9990901947021484,
                0.000909827183932066
            ]
        ],
        "num_samples": 19
    },
    "args": {
        "labels_csv": "extra_benign_case_grade_match.csv",
        "patches_dir": "/projects/e32998/patches_benign_split",
        "runs_dir": "./runs_seed_analysis",
        "epochs": 30,
        "lr": 0.000208,
        "batch_size": 1,
        "num_workers": 2,
        "embed_dim": 512,
        "per_slice_cap": 800,
        "max_slices_per_stain": 5,
        "seed": 81,
        "resume": null,
        "eval_only": false,
        "analyze_attention": false,
        "attention_top_n": 5,
        "load_splits": "./no_train_val_leakage_splits/data_splits_new_04.npz",
        "checkpoint_dir": "./runs_seed_analysis/20260312_191839_split4_seed81/checkpoints"
    }
}