{
    "train": {
        "best_val_loss": 0.0,
        "epochs": 0
    },
    "test": {
        "test_loss": 0.15524655203740909,
        "test_accuracy": 0.9473684210526315,
        "test_high_grade_recall": 1.0,
        "test_benign_recall": 0.8571428571428571,
        "predictions": [
            1,
            1,
            1,
            0,
            0,
            0,
            1,
            1,
            0,
            1,
            1,
            1,
            0,
            1,
            1,
            1,
            1,
            1,
            0
        ],
        "true_labels": [
            1,
            1,
            1,
            0,
            0,
            0,
            1,
            1,
            0,
            1,
            1,
            1,
            0,
            1,
            1,
            0,
            1,
            1,
            0
        ],
        "case_ids": [
            3,
            11,
            17,
            21,
            24,
            34,
            42,
            48,
            53,
            58,
            63,
            70,
            77,
            80,
            88,
            94,
            97,
            106,
            118
        ],
        "prediction_probs": [
            [
                0.030466118827462196,
                0.9695339202880859
            ],
            [
                0.17891110479831696,
                0.8210889101028442
            ],
            [
                0.09276875108480453,
                0.9072312116622925
            ],
            [
                0.866908609867096,
                0.13309140503406525
            ],
            [
                0.8187840580940247,
                0.18121598660945892
            ],
            [
                0.9886717796325684,
                0.011328260414302349
            ],
            [
                0.0028979929629713297,
                0.9971019625663757
            ],
            [
                0.0026398065965622663,
                0.9973601698875427
            ],
            [
                0.8390189409255981,
                0.16098101437091827
            ],
            [
                0.0016698893159627914,
                0.9983301758766174
            ],
            [
                2.2561749574379064e-05,
                0.9999774694442749
            ],
            [
                0.023241577669978142,
                0.9767583608627319
            ],
            [
                0.9436833262443542,
                0.05631667748093605
            ],
            [
                0.00017382751684635878,
                0.9998262524604797
            ],
            [
                0.01678065024316311,
                0.98321932554245
            ],
            [
                0.21200008690357208,
                0.7879998683929443
            ],
            [
                0.1729992926120758,
                0.8270006775856018
            ],
            [
                0.0028065743390470743,
                0.9971933960914612
            ],
            [
                0.782825231552124,
                0.2171747237443924
            ]
        ],
        "num_samples": 19
    },
    "args": {
        "labels_csv": "extra_benign_case_grade_match.csv",
        "patches_dir": "/projects/e32998/patches_benign_split",
        "runs_dir": "./runs_best_analysis",
        "epochs": 30,
        "lr": 0.000208,
        "batch_size": 1,
        "num_workers": 2,
        "embed_dim": 512,
        "per_slice_cap": 800,
        "max_slices_per_stain": 5,
        "seed": 100,
        "resume": "runs_seed_analysis/20260312_191840_split4_seed100/checkpoints/best.pth",
        "eval_only": true,
        "analyze_attention": false,
        "attention_top_n": 5,
        "load_splits": "./no_train_val_leakage_splits/data_splits_new_04.npz",
        "checkpoint_dir": "./runs_best_analysis/20260313_140950_split4_seed100/checkpoints"
    }
}