{
    "train": {
        "best_val_loss": 0.0,
        "epochs": 0
    },
    "test": {
        "test_loss": 0.29740017565317384,
        "test_accuracy": 0.8421052631578947,
        "test_high_grade_recall": 0.8333333333333334,
        "test_benign_recall": 0.8571428571428571,
        "predictions": [
            1,
            0,
            0,
            0,
            1,
            1,
            1,
            1,
            1,
            1,
            1,
            0,
            0,
            1,
            0,
            1,
            1,
            0,
            0
        ],
        "true_labels": [
            1,
            1,
            0,
            0,
            1,
            1,
            0,
            1,
            1,
            1,
            1,
            1,
            0,
            1,
            0,
            1,
            1,
            0,
            0
        ],
        "case_ids": [
            7,
            15,
            22,
            28,
            38,
            41,
            46,
            51,
            57,
            61,
            68,
            75,
            85,
            87,
            93,
            100,
            104,
            107,
            108
        ],
        "prediction_probs": [
            [
                3.692923201015219e-06,
                0.9999963045120239
            ],
            [
                0.8883180022239685,
                0.11168200522661209
            ],
            [
                0.9950937032699585,
                0.004906355869024992
            ],
            [
                0.9948078989982605,
                0.0051920670084655285
            ],
            [
                0.008513693697750568,
                0.9914863109588623
            ],
            [
                0.09305530786514282,
                0.9069446921348572
            ],
            [
                0.27441442012786865,
                0.7255855798721313
            ],
            [
                0.49536746740341187,
                0.5046324729919434
            ],
            [
                0.005096910987049341,
                0.9949030876159668
            ],
            [
                0.038770683109760284,
                0.9612293243408203
            ],
            [
                0.007045618258416653,
                0.992954432964325
            ],
            [
                0.6251807808876038,
                0.374819278717041
            ],
            [
                0.960979163646698,
                0.039020854979753494
            ],
            [
                0.0008041890105232596,
                0.9991958737373352
            ],
            [
                0.7619054317474365,
                0.23809458315372467
            ],
            [
                0.0001844576618168503,
                0.9998155236244202
            ],
            [
                0.0022606300190091133,
                0.997739315032959
            ],
            [
                0.997175931930542,
                0.00282405992038548
            ],
            [
                0.9858397245407104,
                0.014160258695483208
            ]
        ],
        "num_samples": 19
    },
    "args": {
        "labels_csv": "extra_benign_case_grade_match.csv",
        "patches_dir": "/projects/e32998/patches_benign_split",
        "runs_dir": "./runs_best_analysis",
        "epochs": 30,
        "lr": 0.000208,
        "batch_size": 1,
        "num_workers": 2,
        "embed_dim": 512,
        "per_slice_cap": 800,
        "max_slices_per_stain": 5,
        "seed": 1,
        "resume": "runs_seed_analysis/20260312_191819_split3_seed1/checkpoints/best.pth",
        "eval_only": true,
        "analyze_attention": false,
        "attention_top_n": 5,
        "load_splits": "./no_train_val_leakage_splits/data_splits_new_03.npz",
        "checkpoint_dir": "./runs_best_analysis/20260313_140950_split3_seed1/checkpoints"
    }
}