{
    "train": {
        "best_val_loss": 0.2867959426205767,
        "epochs": 13
    },
    "test": {
        "test_loss": 0.07179894111059663,
        "test_accuracy": 0.9473684210526315,
        "test_high_grade_recall": 1.0,
        "test_benign_recall": 0.8571428571428571,
        "predictions": [
            1,
            1,
            0,
            0,
            1,
            1,
            1,
            1,
            1,
            1,
            1,
            1,
            0,
            1,
            0,
            1,
            1,
            0,
            0
        ],
        "true_labels": [
            1,
            1,
            0,
            0,
            1,
            1,
            0,
            1,
            1,
            1,
            1,
            1,
            0,
            1,
            0,
            1,
            1,
            0,
            0
        ],
        "case_ids": [
            7,
            15,
            22,
            28,
            38,
            41,
            46,
            51,
            57,
            61,
            68,
            75,
            85,
            87,
            93,
            100,
            104,
            107,
            108
        ],
        "prediction_probs": [
            [
                6.943843278151007e-10,
                1.0
            ],
            [
                0.03875675052404404,
                0.961243212223053
            ],
            [
                0.9998242259025574,
                0.00017583626322448254
            ],
            [
                0.9985427856445312,
                0.0014572448562830687
            ],
            [
                8.915856597013772e-06,
                0.9999910593032837
            ],
            [
                3.1365621566692425e-07,
                0.9999996423721313
            ],
            [
                0.3249283730983734,
                0.675071656703949
            ],
            [
                0.0014098279643803835,
                0.9985901713371277
            ],
            [
                4.859224844722121e-08,
                1.0
            ],
            [
                0.1475166380405426,
                0.8524833917617798
            ],
            [
                0.0023758462630212307,
                0.9976240992546082
            ],
            [
                0.025389699265360832,
                0.9746102690696716
            ],
            [
                0.9997692704200745,
                0.00023068349401000887
            ],
            [
                1.1188596545252949e-05,
                0.9999887943267822
            ],
            [
                0.991209864616394,
                0.008790149353444576
            ],
            [
                3.2229806947725592e-06,
                0.9999967813491821
            ],
            [
                6.201011046869098e-07,
                0.9999994039535522
            ],
            [
                0.9999322891235352,
                6.771714834030718e-05
            ],
            [
                0.9993932247161865,
                0.0006067909998819232
            ]
        ],
        "num_samples": 19
    },
    "args": {
        "labels_csv": "extra_benign_case_grade_match.csv",
        "patches_dir": "/projects/e32998/patches_benign_split",
        "runs_dir": "./runs_seed_analysis",
        "epochs": 30,
        "lr": 0.000208,
        "batch_size": 1,
        "num_workers": 2,
        "embed_dim": 512,
        "per_slice_cap": 800,
        "max_slices_per_stain": 5,
        "seed": 25,
        "resume": null,
        "eval_only": false,
        "analyze_attention": false,
        "attention_top_n": 5,
        "load_splits": "./no_train_val_leakage_splits/data_splits_new_03.npz",
        "checkpoint_dir": "./runs_seed_analysis/20260312_191840_split3_seed25/checkpoints"
    }
}