{
    "train": {
        "best_val_loss": 0.05092967242551607,
        "epochs": 15
    },
    "test": {
        "test_loss": 0.3311896730087934,
        "test_accuracy": 0.7777777777777778,
        "test_high_grade_recall": 0.7272727272727273,
        "test_benign_recall": 0.8571428571428571,
        "predictions": [
            1,
            0,
            0,
            1,
            0,
            0,
            0,
            0,
            0,
            1,
            1,
            1,
            0,
            0,
            1,
            1,
            1,
            1
        ],
        "true_labels": [
            1,
            0,
            0,
            1,
            1,
            0,
            0,
            0,
            1,
            1,
            1,
            1,
            1,
            0,
            1,
            1,
            1,
            0
        ],
        "case_ids": [
            1,
            2,
            4,
            12,
            18,
            23,
            30,
            43,
            47,
            52,
            59,
            64,
            69,
            78,
            83,
            89,
            95,
            96
        ],
        "prediction_probs": [
            [
                0.00026603517471812665,
                0.9997339844703674
            ],
            [
                0.9999819993972778,
                1.796007200027816e-05
            ],
            [
                0.9996657371520996,
                0.0003343136631883681
            ],
            [
                0.06719447672367096,
                0.9328054785728455
            ],
            [
                0.9314837455749512,
                0.06851623207330704
            ],
            [
                0.999796450138092,
                0.00020354901789687574
            ],
            [
                0.9999914169311523,
                8.609581527707633e-06
            ],
            [
                0.7865793108940125,
                0.21342068910598755
            ],
            [
                0.5647110939025879,
                0.4352889358997345
            ],
            [
                1.4266021935327444e-05,
                0.9999856948852539
            ],
            [
                1.3330226522612065e-07,
                0.9999998807907104
            ],
            [
                4.832420927414205e-06,
                0.9999951124191284
            ],
            [
                0.5079444050788879,
                0.49205562472343445
            ],
            [
                0.9694513082504272,
                0.030548734590411186
            ],
            [
                4.0324518835177514e-08,
                1.0
            ],
            [
                0.00016365715418942273,
                0.9998363256454468
            ],
            [
                0.00115764862857759,
                0.9988424181938171
            ],
            [
                0.2473369538784027,
                0.7526630163192749
            ]
        ],
        "num_samples": 18
    },
    "args": {
        "labels_csv": "extra_benign_case_grade_match.csv",
        "patches_dir": "/projects/e32998/patches_benign_split",
        "runs_dir": "./runs_seed_analysis",
        "epochs": 30,
        "lr": 0.000208,
        "batch_size": 1,
        "num_workers": 2,
        "embed_dim": 512,
        "per_slice_cap": 800,
        "max_slices_per_stain": 5,
        "seed": 4,
        "resume": null,
        "eval_only": false,
        "analyze_attention": false,
        "attention_top_n": 5,
        "load_splits": "./no_train_val_leakage_splits/data_splits_new_05.npz",
        "checkpoint_dir": "./runs_seed_analysis/20260312_191819_split5_seed4/checkpoints"
    }
}