{
    "train": {
        "best_val_loss": 0.0,
        "epochs": 0
    },
    "test": {
        "test_loss": 0.10602391745002472,
        "test_accuracy": 0.9444444444444444,
        "test_high_grade_recall": 0.9090909090909091,
        "test_benign_recall": 1.0,
        "predictions": [
            0,
            0,
            0,
            1,
            1,
            0,
            0,
            0,
            1,
            1,
            1,
            1,
            1,
            0,
            1,
            1,
            1,
            0
        ],
        "true_labels": [
            1,
            0,
            0,
            1,
            1,
            0,
            0,
            0,
            1,
            1,
            1,
            1,
            1,
            0,
            1,
            1,
            1,
            0
        ],
        "case_ids": [
            1,
            2,
            4,
            12,
            18,
            23,
            30,
            43,
            47,
            52,
            59,
            64,
            69,
            78,
            83,
            89,
            95,
            96
        ],
        "prediction_probs": [
            [
                0.5120770931243896,
                0.48792290687561035
            ],
            [
                0.9970337152481079,
                0.0029662393499165773
            ],
            [
                0.9923955202102661,
                0.007604498416185379
            ],
            [
                0.0033819377422332764,
                0.9966180920600891
            ],
            [
                0.20952896773815155,
                0.7904710173606873
            ],
            [
                0.8352841138839722,
                0.16471584141254425
            ],
            [
                0.9994986057281494,
                0.0005014187190681696
            ],
            [
                0.8977515697479248,
                0.10224840044975281
            ],
            [
                0.0033720515202730894,
                0.9966278672218323
            ],
            [
                0.00010147344437427819,
                0.9998985528945923
            ],
            [
                2.1288538221142517e-07,
                0.9999997615814209
            ],
            [
                1.701609835436102e-05,
                0.9999829530715942
            ],
            [
                0.09428635239601135,
                0.905713677406311
            ],
            [
                0.9553862810134888,
                0.04461365565657616
            ],
            [
                1.141821667260956e-05,
                0.9999885559082031
            ],
            [
                0.3538026809692383,
                0.6461973190307617
            ],
            [
                0.014109240844845772,
                0.9858907461166382
            ],
            [
                0.9471213221549988,
                0.052878692746162415
            ]
        ],
        "num_samples": 18
    },
    "args": {
        "labels_csv": "extra_benign_case_grade_match.csv",
        "patches_dir": "/projects/e32998/patches_benign_split",
        "runs_dir": "./runs_best_analysis",
        "epochs": 30,
        "lr": 0.000208,
        "batch_size": 1,
        "num_workers": 2,
        "embed_dim": 512,
        "per_slice_cap": 800,
        "max_slices_per_stain": 5,
        "seed": 64,
        "resume": "runs_seed_analysis/20260312_191838_split5_seed64/checkpoints/best.pth",
        "eval_only": true,
        "analyze_attention": false,
        "attention_top_n": 5,
        "load_splits": "./no_train_val_leakage_splits/data_splits_new_05.npz",
        "checkpoint_dir": "./runs_best_analysis/20260313_140950_split5_seed64/checkpoints"
    }
}