{
    "train": {
        "best_val_loss": 0.0,
        "epochs": 0
    },
    "test": {
        "test_loss": 0.22037479957859768,
        "test_accuracy": 0.8947368421052632,
        "test_high_grade_recall": 0.9166666666666666,
        "test_benign_recall": 0.8571428571428571,
        "predictions": [
            1,
            0,
            1,
            0,
            0,
            0,
            1,
            1,
            0,
            1,
            1,
            1,
            0,
            1,
            1,
            1,
            1,
            1,
            0
        ],
        "true_labels": [
            1,
            1,
            1,
            0,
            0,
            0,
            1,
            1,
            0,
            1,
            1,
            1,
            0,
            1,
            1,
            0,
            1,
            1,
            0
        ],
        "case_ids": [
            3,
            11,
            17,
            21,
            24,
            34,
            42,
            48,
            53,
            58,
            63,
            70,
            77,
            80,
            88,
            94,
            97,
            106,
            118
        ],
        "prediction_probs": [
            [
                0.3951479494571686,
                0.604852020740509
            ],
            [
                0.559099555015564,
                0.44090041518211365
            ],
            [
                0.1449371576309204,
                0.8550629019737244
            ],
            [
                0.8393480181694031,
                0.16065199673175812
            ],
            [
                0.9771286249160767,
                0.02287140302360058
            ],
            [
                0.986100971698761,
                0.013899045065045357
            ],
            [
                0.06487733125686646,
                0.9351227283477783
            ],
            [
                0.10342884063720703,
                0.8965710997581482
            ],
            [
                0.7936528325080872,
                0.20634715259075165
            ],
            [
                0.14756064116954803,
                0.8524394035339355
            ],
            [
                0.010285689495503902,
                0.9897143244743347
            ],
            [
                0.05855434387922287,
                0.9414455890655518
            ],
            [
                0.8414533138275146,
                0.15854668617248535
            ],
            [
                0.010216506198048592,
                0.9897834658622742
            ],
            [
                0.1663772165775299,
                0.8336228132247925
            ],
            [
                0.37993955612182617,
                0.6200604438781738
            ],
            [
                0.3396512269973755,
                0.6603487730026245
            ],
            [
                0.08494885265827179,
                0.9150511622428894
            ],
            [
                0.9777500033378601,
                0.022250017151236534
            ]
        ],
        "num_samples": 19
    },
    "args": {
        "labels_csv": "extra_benign_case_grade_match.csv",
        "patches_dir": "/projects/e32998/patches_benign_split",
        "runs_dir": "./runs_best_analysis",
        "epochs": 30,
        "lr": 0.000208,
        "batch_size": 1,
        "num_workers": 2,
        "embed_dim": 512,
        "per_slice_cap": 800,
        "max_slices_per_stain": 5,
        "seed": 25,
        "resume": "runs_seed_analysis/20260312_191840_split4_seed25/checkpoints/best.pth",
        "eval_only": true,
        "analyze_attention": false,
        "attention_top_n": 5,
        "load_splits": "./no_train_val_leakage_splits/data_splits_new_04.npz",
        "checkpoint_dir": "./runs_best_analysis/20260313_140950_split4_seed25/checkpoints"
    }
}