{
    "train": {
        "best_val_loss": 0.0,
        "epochs": 0
    },
    "test": {
        "test_loss": 0.15276526116960712,
        "test_accuracy": 0.8888888888888888,
        "test_high_grade_recall": 0.9090909090909091,
        "test_benign_recall": 0.8571428571428571,
        "predictions": [
            1,
            1,
            1,
            0,
            0,
            0,
            0,
            1,
            1,
            1,
            1,
            1,
            0,
            1,
            0,
            1,
            1,
            0
        ],
        "true_labels": [
            1,
            1,
            1,
            0,
            0,
            0,
            1,
            1,
            1,
            0,
            1,
            1,
            0,
            1,
            0,
            1,
            1,
            0
        ],
        "case_ids": [
            5,
            14,
            19,
            25,
            27,
            36,
            44,
            49,
            54,
            56,
            66,
            72,
            79,
            84,
            90,
            92,
            98,
            119
        ],
        "prediction_probs": [
            [
                3.3599164453335106e-05,
                0.9999663829803467
            ],
            [
                9.72579261571127e-09,
                1.0
            ],
            [
                0.16283497214317322,
                0.8371650576591492
            ],
            [
                0.9998923540115356,
                0.0001076094777090475
            ],
            [
                0.9874919652938843,
                0.012507996521890163
            ],
            [
                0.9988287091255188,
                0.001171342097222805
            ],
            [
                0.5846689939498901,
                0.41533100605010986
            ],
            [
                1.7932656191987917e-05,
                0.9999821186065674
            ],
            [
                0.03518828749656677,
                0.9648117423057556
            ],
            [
                0.43714088201522827,
                0.5628591179847717
            ],
            [
                2.2178289782459615e-07,
                0.9999997615814209
            ],
            [
                0.044354140758514404,
                0.9556458592414856
            ],
            [
                0.9430315494537354,
                0.056968431919813156
            ],
            [
                0.21773140132427216,
                0.7822685837745667
            ],
            [
                0.9998433589935303,
                0.00015663309022784233
            ],
            [
                0.3687397241592407,
                0.6312602758407593
            ],
            [
                0.0062015061266720295,
                0.9937984347343445
            ],
            [
                0.9998742341995239,
                0.00012575495929922909
            ]
        ],
        "num_samples": 18
    },
    "args": {
        "labels_csv": "extra_benign_case_grade_match.csv",
        "patches_dir": "/projects/e32998/patches_benign_split",
        "runs_dir": "./runs_best_analysis",
        "epochs": 30,
        "lr": 0.000208,
        "batch_size": 1,
        "num_workers": 2,
        "embed_dim": 512,
        "per_slice_cap": 800,
        "max_slices_per_stain": 5,
        "seed": 16,
        "resume": "runs_seed_analysis/20260312_191834_split1_seed16/checkpoints/best.pth",
        "eval_only": true,
        "analyze_attention": false,
        "attention_top_n": 5,
        "load_splits": "./no_train_val_leakage_splits/data_splits_new_01.npz",
        "checkpoint_dir": "./runs_best_analysis/20260313_140950_split1_seed16/checkpoints"
    }
}