{
    "train": {
        "best_val_loss": 0.0,
        "epochs": 0
    },
    "test": {
        "test_loss": 0.2755170278703878,
        "test_accuracy": 0.8888888888888888,
        "test_high_grade_recall": 0.9090909090909091,
        "test_benign_recall": 0.8571428571428571,
        "predictions": [
            1,
            1,
            1,
            0,
            0,
            0,
            1,
            1,
            1,
            1,
            1,
            1,
            0,
            1,
            0,
            0,
            1,
            0
        ],
        "true_labels": [
            1,
            1,
            1,
            0,
            0,
            0,
            1,
            1,
            1,
            0,
            1,
            1,
            0,
            1,
            0,
            1,
            1,
            0
        ],
        "case_ids": [
            5,
            14,
            19,
            25,
            27,
            36,
            44,
            49,
            54,
            56,
            66,
            72,
            79,
            84,
            90,
            92,
            98,
            119
        ],
        "prediction_probs": [
            [
                7.966966950334609e-05,
                0.9999203681945801
            ],
            [
                1.1040064151757178e-07,
                0.9999998807907104
            ],
            [
                0.031483761966228485,
                0.9685162901878357
            ],
            [
                0.9997010827064514,
                0.0002988825144711882
            ],
            [
                0.976992130279541,
                0.02300787717103958
            ],
            [
                0.9984244108200073,
                0.00157556077465415
            ],
            [
                0.3632952570915222,
                0.6367047429084778
            ],
            [
                0.0004111743182875216,
                0.9995887875556946
            ],
            [
                0.35901835560798645,
                0.6409816145896912
            ],
            [
                0.3000204265117645,
                0.6999795436859131
            ],
            [
                1.8769610221625044e-07,
                0.9999997615814209
            ],
            [
                0.4685729146003723,
                0.5314271450042725
            ],
            [
                0.9857478737831116,
                0.01425211876630783
            ],
            [
                0.2472454160451889,
                0.7527545690536499
            ],
            [
                0.9998679161071777,
                0.0001320286246482283
            ],
            [
                0.8432477116584778,
                0.15675227344036102
            ],
            [
                0.01758875884115696,
                0.9824112057685852
            ],
            [
                0.9999614953994751,
                3.845859828288667e-05
            ]
        ],
        "num_samples": 18
    },
    "args": {
        "labels_csv": "extra_benign_case_grade_match.csv",
        "patches_dir": "/projects/e32998/patches_benign_split",
        "runs_dir": "./runs_best_analysis",
        "epochs": 30,
        "lr": 0.000208,
        "batch_size": 1,
        "num_workers": 2,
        "embed_dim": 512,
        "per_slice_cap": 800,
        "max_slices_per_stain": 5,
        "seed": 36,
        "resume": "runs_seed_analysis/20260312_191840_split1_seed36/checkpoints/best.pth",
        "eval_only": true,
        "analyze_attention": false,
        "attention_top_n": 5,
        "load_splits": "./no_train_val_leakage_splits/data_splits_new_01.npz",
        "checkpoint_dir": "./runs_best_analysis/20260313_140942_split1_seed36/checkpoints"
    }
}