{
    "train": {
        "best_val_loss": 0.2763562878951941,
        "epochs": 11
    },
    "test": {
        "test_loss": 0.9763792179159473,
        "test_accuracy": 0.7894736842105263,
        "test_high_grade_recall": 1.0,
        "test_benign_recall": 0.42857142857142855,
        "predictions": [
            1,
            1,
            1,
            1,
            1,
            1,
            1,
            1,
            1,
            1,
            1,
            0,
            1,
            1,
            1,
            1,
            0,
            0,
            1
        ],
        "true_labels": [
            1,
            1,
            0,
            1,
            1,
            0,
            1,
            1,
            1,
            1,
            1,
            0,
            0,
            1,
            1,
            1,
            0,
            0,
            0
        ],
        "case_ids": [
            9,
            16,
            26,
            32,
            40,
            45,
            50,
            55,
            60,
            67,
            73,
            82,
            86,
            91,
            99,
            101,
            109,
            110,
            111
        ],
        "prediction_probs": [
            [
                2.8200388442201074e-06,
                0.9999971389770508
            ],
            [
                0.2762793302536011,
                0.7237206697463989
            ],
            [
                0.10322408378124237,
                0.8967759609222412
            ],
            [
                0.17751266062259674,
                0.8224872946739197
            ],
            [
                1.388277541991556e-05,
                0.9999861717224121
            ],
            [
                0.0006152823916636407,
                0.9993846416473389
            ],
            [
                0.0007008824031800032,
                0.9992990493774414
            ],
            [
                3.817076787981932e-08,
                1.0
            ],
            [
                0.2689801752567291,
                0.7310198545455933
            ],
            [
                0.0001399387838318944,
                0.9998600482940674
            ],
            [
                0.00016120020882226527,
                0.9998388290405273
            ],
            [
                0.9978216886520386,
                0.0021782906260341406
            ],
            [
                0.003279520897194743,
                0.9967204928398132
            ],
            [
                0.00017423754616174847,
                0.9998257756233215
            ],
            [
                6.306985142146004e-06,
                0.9999936819076538
            ],
            [
                1.6314365893776994e-06,
                0.9999983310699463
            ],
            [
                0.9968626499176025,
                0.0031373538076877594
            ],
            [
                0.999847412109375,
                0.00015254314348567277
            ],
            [
                0.0974806398153305,
                0.9025193452835083
            ]
        ],
        "num_samples": 19
    },
    "args": {
        "labels_csv": "extra_benign_case_grade_match.csv",
        "patches_dir": "/projects/e32998/patches_benign_split",
        "runs_dir": "./runs_seed_analysis",
        "epochs": 30,
        "lr": 0.000208,
        "batch_size": 1,
        "num_workers": 2,
        "embed_dim": 512,
        "per_slice_cap": 800,
        "max_slices_per_stain": 5,
        "seed": 36,
        "resume": null,
        "eval_only": false,
        "analyze_attention": false,
        "attention_top_n": 5,
        "load_splits": "./no_train_val_leakage_splits/data_splits_new_02.npz",
        "checkpoint_dir": "./runs_seed_analysis/20260312_191840_split2_seed36/checkpoints"
    }
}