{
    "train": {
        "best_val_loss": 0.07737468783870503,
        "epochs": 24
    },
    "test": {
        "test_loss": 0.36353716653537815,
        "test_accuracy": 0.9444444444444444,
        "test_high_grade_recall": 1.0,
        "test_benign_recall": 0.8571428571428571,
        "predictions": [
            1,
            1,
            1,
            0,
            0,
            0,
            1,
            1,
            1,
            1,
            1,
            1,
            0,
            1,
            0,
            1,
            1,
            0
        ],
        "true_labels": [
            1,
            1,
            1,
            0,
            0,
            0,
            1,
            1,
            1,
            0,
            1,
            1,
            0,
            1,
            0,
            1,
            1,
            0
        ],
        "case_ids": [
            5,
            14,
            19,
            25,
            27,
            36,
            44,
            49,
            54,
            56,
            66,
            72,
            79,
            84,
            90,
            92,
            98,
            119
        ],
        "prediction_probs": [
            [
                8.192176181864852e-08,
                0.9999998807907104
            ],
            [
                2.2882440386950975e-09,
                1.0
            ],
            [
                1.775808232196141e-05,
                0.9999822378158569
            ],
            [
                0.9998400211334229,
                0.00015991710824891925
            ],
            [
                0.9710018038749695,
                0.02899821288883686
            ],
            [
                0.9996689558029175,
                0.0003310661413706839
            ],
            [
                0.0018998058512806892,
                0.998100221157074
            ],
            [
                8.372961929126177e-06,
                0.9999916553497314
            ],
            [
                0.008826364763081074,
                0.9911736845970154
            ],
            [
                0.0015394232468679547,
                0.9984605312347412
            ],
            [
                1.823137552037224e-08,
                1.0
            ],
            [
                0.016770442947745323,
                0.9832295775413513
            ],
            [
                0.9994745850563049,
                0.0005253839772194624
            ],
            [
                0.005142749287188053,
                0.9948571920394897
            ],
            [
                0.9999979734420776,
                1.9937483557441738e-06
            ],
            [
                0.003993023652583361,
                0.9960070252418518
            ],
            [
                1.1084938705607783e-05,
                0.9999889135360718
            ],
            [
                0.9999977350234985,
                2.211896571679972e-06
            ]
        ],
        "num_samples": 18
    },
    "args": {
        "labels_csv": "extra_benign_case_grade_match.csv",
        "patches_dir": "/projects/e32998/patches_benign_split",
        "runs_dir": "./runs_seed_analysis",
        "epochs": 30,
        "lr": 0.000208,
        "batch_size": 1,
        "num_workers": 2,
        "embed_dim": 512,
        "per_slice_cap": 800,
        "max_slices_per_stain": 5,
        "seed": 49,
        "resume": null,
        "eval_only": false,
        "analyze_attention": false,
        "attention_top_n": 5,
        "load_splits": "./no_train_val_leakage_splits/data_splits_new_01.npz",
        "checkpoint_dir": "./runs_seed_analysis/20260312_191839_split1_seed49/checkpoints"
    }
}