{
    "train": {
        "best_val_loss": 0.0,
        "epochs": 0
    },
    "test": {
        "test_loss": 0.25336174576200154,
        "test_accuracy": 0.8947368421052632,
        "test_high_grade_recall": 0.8333333333333334,
        "test_benign_recall": 1.0,
        "predictions": [
            1,
            0,
            1,
            0,
            0,
            0,
            1,
            1,
            0,
            1,
            1,
            1,
            0,
            1,
            1,
            0,
            0,
            1,
            0
        ],
        "true_labels": [
            1,
            1,
            1,
            0,
            0,
            0,
            1,
            1,
            0,
            1,
            1,
            1,
            0,
            1,
            1,
            0,
            1,
            1,
            0
        ],
        "case_ids": [
            3,
            11,
            17,
            21,
            24,
            34,
            42,
            48,
            53,
            58,
            63,
            70,
            77,
            80,
            88,
            94,
            97,
            106,
            118
        ],
        "prediction_probs": [
            [
                0.3792170286178589,
                0.6207829713821411
            ],
            [
                0.7258661985397339,
                0.2741337716579437
            ],
            [
                0.18551932275295258,
                0.8144806027412415
            ],
            [
                0.9367925524711609,
                0.06320745497941971
            ],
            [
                0.8947847485542297,
                0.10521519929170609
            ],
            [
                0.8467347621917725,
                0.15326529741287231
            ],
            [
                0.03888857364654541,
                0.9611113667488098
            ],
            [
                0.05341135710477829,
                0.9465886354446411
            ],
            [
                0.8031920194625854,
                0.19680801033973694
            ],
            [
                0.12908180058002472,
                0.8709182739257812
            ],
            [
                0.005568456836044788,
                0.9944315552711487
            ],
            [
                0.04026205465197563,
                0.9597379565238953
            ],
            [
                0.76228266954422,
                0.23771736025810242
            ],
            [
                0.014679467305541039,
                0.985320508480072
            ],
            [
                0.16855184733867645,
                0.8314481973648071
            ],
            [
                0.6442859768867493,
                0.35571402311325073
            ],
            [
                0.6147131323814392,
                0.385286808013916
            ],
            [
                0.05775338411331177,
                0.942246675491333
            ],
            [
                0.9299366474151611,
                0.07006337493658066
            ]
        ],
        "num_samples": 19
    },
    "args": {
        "labels_csv": "extra_benign_case_grade_match.csv",
        "patches_dir": "/projects/e32998/patches_benign_split",
        "runs_dir": "./runs_best_analysis",
        "epochs": 30,
        "lr": 0.000208,
        "batch_size": 1,
        "num_workers": 2,
        "embed_dim": 512,
        "per_slice_cap": 800,
        "max_slices_per_stain": 5,
        "seed": 16,
        "resume": "runs_seed_analysis/20260312_191840_split4_seed16/checkpoints/best.pth",
        "eval_only": true,
        "analyze_attention": false,
        "attention_top_n": 5,
        "load_splits": "./no_train_val_leakage_splits/data_splits_new_04.npz",
        "checkpoint_dir": "./runs_best_analysis/20260313_140942_split4_seed16/checkpoints"
    }
}