{
    "train": {
        "best_val_loss": 0.2677065112986479,
        "epochs": 11
    },
    "test": {
        "test_loss": 0.7136998983383837,
        "test_accuracy": 0.8947368421052632,
        "test_high_grade_recall": 0.9166666666666666,
        "test_benign_recall": 0.8571428571428571,
        "predictions": [
            1,
            1,
            0,
            0,
            1,
            1,
            1,
            1,
            1,
            1,
            1,
            0,
            0,
            1,
            0,
            1,
            1,
            0,
            0
        ],
        "true_labels": [
            1,
            1,
            0,
            0,
            1,
            1,
            0,
            1,
            1,
            1,
            1,
            1,
            0,
            1,
            0,
            1,
            1,
            0,
            0
        ],
        "case_ids": [
            7,
            15,
            22,
            28,
            38,
            41,
            46,
            51,
            57,
            61,
            68,
            75,
            85,
            87,
            93,
            100,
            104,
            107,
            108
        ],
        "prediction_probs": [
            [
                3.44598727330947e-09,
                1.0
            ],
            [
                0.1774257868528366,
                0.822574257850647
            ],
            [
                0.9998024106025696,
                0.00019756800611503422
            ],
            [
                0.9995988011360168,
                0.0004011675191577524
            ],
            [
                3.105236100964248e-05,
                0.9999690055847168
            ],
            [
                5.407481239672052e-06,
                0.9999946355819702
            ],
            [
                0.00013980927178636193,
                0.9998601675033569
            ],
            [
                0.030791962519288063,
                0.9692080616950989
            ],
            [
                1.6649947838232038e-06,
                0.9999983310699463
            ],
            [
                0.21981659531593323,
                0.7801833748817444
            ],
            [
                0.0012244496028870344,
                0.9987755417823792
            ],
            [
                0.984833836555481,
                0.015166111290454865
            ],
            [
                0.996777355670929,
                0.0032227144110947847
            ],
            [
                8.394720225624042e-07,
                0.9999991655349731
            ],
            [
                0.985630989074707,
                0.014368936419487
            ],
            [
                5.729694976253086e-07,
                0.9999994039535522
            ],
            [
                2.489079861334176e-06,
                0.9999974966049194
            ],
            [
                0.9999294281005859,
                7.061206270009279e-05
            ],
            [
                0.9980837106704712,
                0.0019162619719281793
            ]
        ],
        "num_samples": 19
    },
    "args": {
        "labels_csv": "extra_benign_case_grade_match.csv",
        "patches_dir": "/projects/e32998/patches_benign_split",
        "runs_dir": "./runs_seed_analysis",
        "epochs": 30,
        "lr": 0.000208,
        "batch_size": 1,
        "num_workers": 2,
        "embed_dim": 512,
        "per_slice_cap": 800,
        "max_slices_per_stain": 5,
        "seed": 1,
        "resume": null,
        "eval_only": false,
        "analyze_attention": false,
        "attention_top_n": 5,
        "load_splits": "./no_train_val_leakage_splits/data_splits_new_03.npz",
        "checkpoint_dir": "./runs_seed_analysis/20260312_191819_split3_seed1/checkpoints"
    }
}