{
    "train": {
        "best_val_loss": 0.15697654853973594,
        "epochs": 30
    },
    "test": {
        "test_loss": 0.29794511521642236,
        "test_accuracy": 0.8947368421052632,
        "test_high_grade_recall": 1.0,
        "test_benign_recall": 0.7142857142857143,
        "predictions": [
            1,
            1,
            1,
            1,
            1,
            0,
            1,
            1,
            1,
            1,
            1,
            0,
            1,
            1,
            1,
            1,
            0,
            0,
            0
        ],
        "true_labels": [
            1,
            1,
            0,
            1,
            1,
            0,
            1,
            1,
            1,
            1,
            1,
            0,
            0,
            1,
            1,
            1,
            0,
            0,
            0
        ],
        "case_ids": [
            9,
            16,
            26,
            32,
            40,
            45,
            50,
            55,
            60,
            67,
            73,
            82,
            86,
            91,
            99,
            101,
            109,
            110,
            111
        ],
        "prediction_probs": [
            [
                6.297630079643568e-07,
                0.9999994039535522
            ],
            [
                0.34351083636283875,
                0.6564891338348389
            ],
            [
                0.03235572949051857,
                0.9676442742347717
            ],
            [
                0.3285894989967346,
                0.6714105010032654
            ],
            [
                2.9530335723393364e-06,
                0.9999970197677612
            ],
            [
                0.8880612850189209,
                0.1119387298822403
            ],
            [
                0.07289236038923264,
                0.9271076321601868
            ],
            [
                2.6179350354205155e-10,
                1.0
            ],
            [
                0.02027316391468048,
                0.9797267913818359
            ],
            [
                7.968856152729131e-06,
                0.9999920129776001
            ],
            [
                0.0018926482880488038,
                0.9981073141098022
            ],
            [
                0.9999959468841553,
                4.04913362217485e-06
            ],
            [
                0.3289811909198761,
                0.6710187196731567
            ],
            [
                0.0003384104638826102,
                0.9996615648269653
            ],
            [
                2.305359703314025e-05,
                0.9999769926071167
            ],
            [
                0.0016186968423426151,
                0.9983812570571899
            ],
            [
                0.9551598429679871,
                0.04484016075730324
            ],
            [
                0.9996997117996216,
                0.00030027233879081905
            ],
            [
                0.9665095806121826,
                0.03349050134420395
            ]
        ],
        "num_samples": 19
    },
    "args": {
        "labels_csv": "extra_benign_case_grade_match.csv",
        "patches_dir": "/projects/e32998/patches_benign_split",
        "runs_dir": "./runs_seed_analysis",
        "epochs": 30,
        "lr": 0.000208,
        "batch_size": 1,
        "num_workers": 2,
        "embed_dim": 512,
        "per_slice_cap": 800,
        "max_slices_per_stain": 5,
        "seed": 25,
        "resume": null,
        "eval_only": false,
        "analyze_attention": false,
        "attention_top_n": 5,
        "load_splits": "./no_train_val_leakage_splits/data_splits_new_02.npz",
        "checkpoint_dir": "./runs_seed_analysis/20260312_191835_split2_seed25/checkpoints"
    }
}