{
    "train": {
        "best_val_loss": 0.284895919677284,
        "epochs": 10
    },
    "test": {
        "test_loss": 0.5831115338506591,
        "test_accuracy": 0.8421052631578947,
        "test_high_grade_recall": 1.0,
        "test_benign_recall": 0.5714285714285714,
        "predictions": [
            1,
            1,
            1,
            1,
            1,
            1,
            1,
            1,
            1,
            1,
            1,
            0,
            0,
            1,
            1,
            1,
            0,
            0,
            1
        ],
        "true_labels": [
            1,
            1,
            0,
            1,
            1,
            0,
            1,
            1,
            1,
            1,
            1,
            0,
            0,
            1,
            1,
            1,
            0,
            0,
            0
        ],
        "case_ids": [
            9,
            16,
            26,
            32,
            40,
            45,
            50,
            55,
            60,
            67,
            73,
            82,
            86,
            91,
            99,
            101,
            109,
            110,
            111
        ],
        "prediction_probs": [
            [
                2.5417781216674484e-05,
                0.9999746084213257
            ],
            [
                0.1902409940958023,
                0.8097590208053589
            ],
            [
                0.027963193133473396,
                0.9720368385314941
            ],
            [
                0.10440663248300552,
                0.8955934047698975
            ],
            [
                7.877677489886992e-06,
                0.9999921321868896
            ],
            [
                0.00924567598849535,
                0.9907543659210205
            ],
            [
                0.0002780025824904442,
                0.9997219443321228
            ],
            [
                7.937101287325277e-08,
                0.9999998807907104
            ],
            [
                0.055241018533706665,
                0.9447590112686157
            ],
            [
                5.4920947150094435e-05,
                0.9999450445175171
            ],
            [
                0.0002340353821637109,
                0.999765932559967
            ],
            [
                0.9998869895935059,
                0.00011298112804070115
            ],
            [
                0.5036575794219971,
                0.49634242057800293
            ],
            [
                0.0005005805869586766,
                0.9994994401931763
            ],
            [
                1.3944295460532885e-06,
                0.9999985694885254
            ],
            [
                0.00022826148779131472,
                0.999771773815155
            ],
            [
                0.9726267457008362,
                0.027373244985938072
            ],
            [
                0.9966559410095215,
                0.0033440778497606516
            ],
            [
                0.17868447303771973,
                0.8213155269622803
            ]
        ],
        "num_samples": 19
    },
    "args": {
        "labels_csv": "extra_benign_case_grade_match.csv",
        "patches_dir": "/projects/e32998/patches_benign_split",
        "runs_dir": "./runs_seed_analysis",
        "epochs": 30,
        "lr": 0.000208,
        "batch_size": 1,
        "num_workers": 2,
        "embed_dim": 512,
        "per_slice_cap": 800,
        "max_slices_per_stain": 5,
        "seed": 16,
        "resume": null,
        "eval_only": false,
        "analyze_attention": false,
        "attention_top_n": 5,
        "load_splits": "./no_train_val_leakage_splits/data_splits_new_02.npz",
        "checkpoint_dir": "./runs_seed_analysis/20260312_191835_split2_seed16/checkpoints"
    }
}