{
    "train": {
        "best_val_loss": 0.0,
        "epochs": 0
    },
    "test": {
        "test_loss": 0.17006349457924622,
        "test_accuracy": 0.9473684210526315,
        "test_high_grade_recall": 1.0,
        "test_benign_recall": 0.8571428571428571,
        "predictions": [
            1,
            1,
            0,
            0,
            1,
            1,
            1,
            1,
            1,
            1,
            1,
            1,
            0,
            1,
            0,
            1,
            1,
            0,
            0
        ],
        "true_labels": [
            1,
            1,
            0,
            0,
            1,
            1,
            0,
            1,
            1,
            1,
            1,
            1,
            0,
            1,
            0,
            1,
            1,
            0,
            0
        ],
        "case_ids": [
            7,
            15,
            22,
            28,
            38,
            41,
            46,
            51,
            57,
            61,
            68,
            75,
            85,
            87,
            93,
            100,
            104,
            107,
            108
        ],
        "prediction_probs": [
            [
                3.389502012396406e-07,
                0.9999996423721313
            ],
            [
                0.43736523389816284,
                0.5626347661018372
            ],
            [
                0.9752766489982605,
                0.024723384529352188
            ],
            [
                0.9957292675971985,
                0.0042706686072051525
            ],
            [
                0.0027055072132498026,
                0.9972944855690002
            ],
            [
                0.0012057797284796834,
                0.9987941980361938
            ],
            [
                0.25791987776756287,
                0.7420800924301147
            ],
            [
                0.4699679911136627,
                0.5300320386886597
            ],
            [
                7.57002635509707e-05,
                0.9999243021011353
            ],
            [
                0.26577794551849365,
                0.7342220544815063
            ],
            [
                0.009060862474143505,
                0.9909391403198242
            ],
            [
                0.009880419820547104,
                0.9901195764541626
            ],
            [
                0.9948380589485168,
                0.0051618702709674835
            ],
            [
                0.004119435325264931,
                0.9958806037902832
            ],
            [
                0.7574824094772339,
                0.24251757562160492
            ],
            [
                7.118352641555248e-06,
                0.999992847442627
            ],
            [
                0.00021006926544941962,
                0.9997898936271667
            ],
            [
                0.9953500032424927,
                0.004649986978620291
            ],
            [
                0.9871432185173035,
                0.012856774032115936
            ]
        ],
        "num_samples": 19
    },
    "args": {
        "labels_csv": "extra_benign_case_grade_match.csv",
        "patches_dir": "/projects/e32998/patches_benign_split",
        "runs_dir": "./runs_best_analysis",
        "epochs": 30,
        "lr": 0.000208,
        "batch_size": 1,
        "num_workers": 2,
        "embed_dim": 512,
        "per_slice_cap": 800,
        "max_slices_per_stain": 5,
        "seed": 49,
        "resume": "runs_seed_analysis/20260312_191840_split3_seed49/checkpoints/best.pth",
        "eval_only": true,
        "analyze_attention": false,
        "attention_top_n": 5,
        "load_splits": "./no_train_val_leakage_splits/data_splits_new_03.npz",
        "checkpoint_dir": "./runs_best_analysis/20260313_140950_split3_seed49/checkpoints"
    }
}