{
    "train": {
        "best_val_loss": 0.2693119628312328,
        "epochs": 13
    },
    "test": {
        "test_loss": 0.48865279923772303,
        "test_accuracy": 0.8947368421052632,
        "test_high_grade_recall": 0.9166666666666666,
        "test_benign_recall": 0.8571428571428571,
        "predictions": [
            1,
            0,
            0,
            0,
            1,
            1,
            1,
            1,
            1,
            1,
            1,
            1,
            0,
            1,
            0,
            1,
            1,
            0,
            0
        ],
        "true_labels": [
            1,
            1,
            0,
            0,
            1,
            1,
            0,
            1,
            1,
            1,
            1,
            1,
            0,
            1,
            0,
            1,
            1,
            0,
            0
        ],
        "case_ids": [
            7,
            15,
            22,
            28,
            38,
            41,
            46,
            51,
            57,
            61,
            68,
            75,
            85,
            87,
            93,
            100,
            104,
            107,
            108
        ],
        "prediction_probs": [
            [
                9.624551156051098e-10,
                1.0
            ],
            [
                0.9807774424552917,
                0.01922256126999855
            ],
            [
                0.9999567270278931,
                4.322404492995702e-05
            ],
            [
                0.9998655319213867,
                0.00013442616909742355
            ],
            [
                7.240137165354099e-06,
                0.9999927282333374
            ],
            [
                2.02766022994183e-05,
                0.9999797344207764
            ],
            [
                0.008416514843702316,
                0.991583526134491
            ],
            [
                0.17861951887607574,
                0.8213804960250854
            ],
            [
                3.865211226639076e-07,
                0.9999996423721313
            ],
            [
                0.29418647289276123,
                0.7058135271072388
            ],
            [
                0.0003874390386044979,
                0.9996126294136047
            ],
            [
                0.0007551861344836652,
                0.9992448091506958
            ],
            [
                0.9973273277282715,
                0.0026727074291557074
            ],
            [
                6.77912885294063e-06,
                0.9999932050704956
            ],
            [
                0.9940910935401917,
                0.005908937193453312
            ],
            [
                7.999068657227326e-06,
                0.9999920129776001
            ],
            [
                7.660629535166663e-07,
                0.9999992847442627
            ],
            [
                0.9999946355819702,
                5.423677976068575e-06
            ],
            [
                0.999971866607666,
                2.8166225092718378e-05
            ]
        ],
        "num_samples": 19
    },
    "args": {
        "labels_csv": "extra_benign_case_grade_match.csv",
        "patches_dir": "/projects/e32998/patches_benign_split",
        "runs_dir": "./runs_seed_analysis",
        "epochs": 30,
        "lr": 0.000208,
        "batch_size": 1,
        "num_workers": 2,
        "embed_dim": 512,
        "per_slice_cap": 800,
        "max_slices_per_stain": 5,
        "seed": 16,
        "resume": null,
        "eval_only": false,
        "analyze_attention": false,
        "attention_top_n": 5,
        "load_splits": "./no_train_val_leakage_splits/data_splits_new_03.npz",
        "checkpoint_dir": "./runs_seed_analysis/20260312_191840_split3_seed16/checkpoints"
    }
}