{
    "train": {
        "best_val_loss": 0.0,
        "epochs": 0
    },
    "test": {
        "test_loss": 0.38068124699394035,
        "test_accuracy": 0.8421052631578947,
        "test_high_grade_recall": 0.9166666666666666,
        "test_benign_recall": 0.7142857142857143,
        "predictions": [
            1,
            1,
            1,
            0,
            1,
            1,
            1,
            1,
            1,
            1,
            1,
            0,
            0,
            1,
            1,
            1,
            0,
            0,
            0
        ],
        "true_labels": [
            1,
            1,
            0,
            1,
            1,
            0,
            1,
            1,
            1,
            1,
            1,
            0,
            0,
            1,
            1,
            1,
            0,
            0,
            0
        ],
        "case_ids": [
            9,
            16,
            26,
            32,
            40,
            45,
            50,
            55,
            60,
            67,
            73,
            82,
            86,
            91,
            99,
            101,
            109,
            110,
            111
        ],
        "prediction_probs": [
            [
                0.00019771367078647017,
                0.99980229139328
            ],
            [
                0.011400799266994,
                0.9885991811752319
            ],
            [
                0.11671558767557144,
                0.8832844495773315
            ],
            [
                0.5377402901649475,
                0.4622597396373749
            ],
            [
                0.0005024070851504803,
                0.9994975328445435
            ],
            [
                0.07524485141038895,
                0.9247550964355469
            ],
            [
                0.04399635270237923,
                0.9560036659240723
            ],
            [
                1.5155397647959035e-07,
                0.9999998807907104
            ],
            [
                0.1191643700003624,
                0.8808355927467346
            ],
            [
                0.003571569686755538,
                0.9964284300804138
            ],
            [
                0.008349886164069176,
                0.9916501045227051
            ],
            [
                0.9546457529067993,
                0.04535427689552307
            ],
            [
                0.5278543829917908,
                0.4721456468105316
            ],
            [
                0.002509252168238163,
                0.9974907636642456
            ],
            [
                0.00034294751822017133,
                0.9996570348739624
            ],
            [
                0.0029066838324069977,
                0.9970933198928833
            ],
            [
                0.8353923559188843,
                0.1646076887845993
            ],
            [
                0.7899922728538513,
                0.2100076973438263
            ],
            [
                0.6546969413757324,
                0.3453030288219452
            ]
        ],
        "num_samples": 19
    },
    "args": {
        "labels_csv": "extra_benign_case_grade_match.csv",
        "patches_dir": "/projects/e32998/patches_benign_split",
        "runs_dir": "./runs_best_analysis",
        "epochs": 30,
        "lr": 0.000208,
        "batch_size": 1,
        "num_workers": 2,
        "embed_dim": 512,
        "per_slice_cap": 800,
        "max_slices_per_stain": 5,
        "seed": 1,
        "resume": "runs_seed_analysis/20260312_191819_split2_seed1/checkpoints/best.pth",
        "eval_only": true,
        "analyze_attention": false,
        "attention_top_n": 5,
        "load_splits": "./no_train_val_leakage_splits/data_splits_new_02.npz",
        "checkpoint_dir": "./runs_best_analysis/20260313_140942_split2_seed1/checkpoints"
    }
}