{
    "train": {
        "best_val_loss": 0.0,
        "epochs": 0
    },
    "test": {
        "test_loss": 0.33375068185260504,
        "test_accuracy": 0.8333333333333334,
        "test_high_grade_recall": 1.0,
        "test_benign_recall": 0.5714285714285714,
        "predictions": [
            1,
            1,
            1,
            0,
            1,
            0,
            1,
            1,
            1,
            1,
            1,
            1,
            1,
            1,
            0,
            1,
            1,
            0
        ],
        "true_labels": [
            1,
            1,
            1,
            0,
            0,
            0,
            1,
            1,
            1,
            0,
            1,
            1,
            0,
            1,
            0,
            1,
            1,
            0
        ],
        "case_ids": [
            5,
            14,
            19,
            25,
            27,
            36,
            44,
            49,
            54,
            56,
            66,
            72,
            79,
            84,
            90,
            92,
            98,
            119
        ],
        "prediction_probs": [
            [
                7.388927770080045e-05,
                0.9999260902404785
            ],
            [
                2.666519094418618e-07,
                0.9999997615814209
            ],
            [
                0.07091615349054337,
                0.9290838837623596
            ],
            [
                0.9993821382522583,
                0.0006178533658385277
            ],
            [
                0.15939942002296448,
                0.8406006097793579
            ],
            [
                0.977686882019043,
                0.022313164547085762
            ],
            [
                0.03236205130815506,
                0.9676378965377808
            ],
            [
                5.93582444707863e-05,
                0.9999406337738037
            ],
            [
                0.02516486868262291,
                0.9748350977897644
            ],
            [
                0.1055600643157959,
                0.8944399356842041
            ],
            [
                2.2471179761396343e-07,
                0.9999997615814209
            ],
            [
                0.049578957259655,
                0.9504210352897644
            ],
            [
                0.3098326623439789,
                0.6901673674583435
            ],
            [
                0.2677403390407562,
                0.7322596311569214
            ],
            [
                0.9980111122131348,
                0.001988828182220459
            ],
            [
                0.20278050005435944,
                0.797219455242157
            ],
            [
                0.004293133970350027,
                0.9957068562507629
            ],
            [
                0.9996750354766846,
                0.00032492243917658925
            ]
        ],
        "num_samples": 18
    },
    "args": {
        "labels_csv": "extra_benign_case_grade_match.csv",
        "patches_dir": "/projects/e32998/patches_benign_split",
        "runs_dir": "./runs_best_analysis",
        "epochs": 30,
        "lr": 0.000208,
        "batch_size": 1,
        "num_workers": 2,
        "embed_dim": 512,
        "per_slice_cap": 800,
        "max_slices_per_stain": 5,
        "seed": 4,
        "resume": "runs_seed_analysis/20260312_191819_split1_seed4/checkpoints/best.pth",
        "eval_only": true,
        "analyze_attention": false,
        "attention_top_n": 5,
        "load_splits": "./no_train_val_leakage_splits/data_splits_new_01.npz",
        "checkpoint_dir": "./runs_best_analysis/20260313_140942_split1_seed4/checkpoints"
    }
}