{
    "train": {
        "best_val_loss": 0.2639418480255962,
        "epochs": 15
    },
    "test": {
        "test_loss": 0.21708471910433427,
        "test_accuracy": 0.8421052631578947,
        "test_high_grade_recall": 0.9166666666666666,
        "test_benign_recall": 0.7142857142857143,
        "predictions": [
            1,
            0,
            0,
            0,
            1,
            1,
            1,
            1,
            1,
            1,
            1,
            1,
            0,
            1,
            1,
            1,
            1,
            0,
            0
        ],
        "true_labels": [
            1,
            1,
            0,
            0,
            1,
            1,
            0,
            1,
            1,
            1,
            1,
            1,
            0,
            1,
            0,
            1,
            1,
            0,
            0
        ],
        "case_ids": [
            7,
            15,
            22,
            28,
            38,
            41,
            46,
            51,
            57,
            61,
            68,
            75,
            85,
            87,
            93,
            100,
            104,
            107,
            108
        ],
        "prediction_probs": [
            [
                4.3610137723248954e-10,
                1.0
            ],
            [
                0.5838767290115356,
                0.41612330079078674
            ],
            [
                0.9995242357254028,
                0.00047579058445990086
            ],
            [
                0.9995484948158264,
                0.0004514261381700635
            ],
            [
                0.00012849639460910112,
                0.9998714923858643
            ],
            [
                1.3524493624572642e-05,
                0.9999865293502808
            ],
            [
                0.18416637182235718,
                0.8158336281776428
            ],
            [
                0.17213404178619385,
                0.8278658986091614
            ],
            [
                1.0245323665003525e-06,
                0.999998927116394
            ],
            [
                0.12645606696605682,
                0.873543918132782
            ],
            [
                0.0007566549465991557,
                0.9992433786392212
            ],
            [
                7.246521272463724e-05,
                0.9999275207519531
            ],
            [
                0.99965500831604,
                0.0003449340583756566
            ],
            [
                4.551829624688253e-05,
                0.9999544620513916
            ],
            [
                0.2925548255443573,
                0.7074452042579651
            ],
            [
                2.101485137018244e-07,
                0.9999997615814209
            ],
            [
                2.93730204248277e-06,
                0.9999970197677612
            ],
            [
                0.9999433755874634,
                5.6671633501537144e-05
            ],
            [
                0.9996342658996582,
                0.00036576081765815616
            ]
        ],
        "num_samples": 19
    },
    "args": {
        "labels_csv": "extra_benign_case_grade_match.csv",
        "patches_dir": "/projects/e32998/patches_benign_split",
        "runs_dir": "./runs_seed_analysis",
        "epochs": 30,
        "lr": 0.000208,
        "batch_size": 1,
        "num_workers": 2,
        "embed_dim": 512,
        "per_slice_cap": 800,
        "max_slices_per_stain": 5,
        "seed": 49,
        "resume": null,
        "eval_only": false,
        "analyze_attention": false,
        "attention_top_n": 5,
        "load_splits": "./no_train_val_leakage_splits/data_splits_new_03.npz",
        "checkpoint_dir": "./runs_seed_analysis/20260312_191840_split3_seed49/checkpoints"
    }
}