{
    "train": {
        "best_val_loss": 0.0,
        "epochs": 0
    },
    "test": {
        "test_loss": 0.4621641992726402,
        "test_accuracy": 0.7894736842105263,
        "test_high_grade_recall": 1.0,
        "test_benign_recall": 0.42857142857142855,
        "predictions": [
            1,
            1,
            1,
            1,
            1,
            1,
            1,
            1,
            1,
            1,
            1,
            0,
            1,
            1,
            1,
            1,
            0,
            0,
            1
        ],
        "true_labels": [
            1,
            1,
            0,
            1,
            1,
            0,
            1,
            1,
            1,
            1,
            1,
            0,
            0,
            1,
            1,
            1,
            0,
            0,
            0
        ],
        "case_ids": [
            9,
            16,
            26,
            32,
            40,
            45,
            50,
            55,
            60,
            67,
            73,
            82,
            86,
            91,
            99,
            101,
            109,
            110,
            111
        ],
        "prediction_probs": [
            [
                9.02226020116359e-06,
                0.9999909400939941
            ],
            [
                0.027607431635260582,
                0.9723925590515137
            ],
            [
                0.049226630479097366,
                0.9507733583450317
            ],
            [
                0.4898751974105835,
                0.5101247429847717
            ],
            [
                0.0006898784195072949,
                0.9993101358413696
            ],
            [
                0.28841835260391235,
                0.7115817070007324
            ],
            [
                0.02433488331735134,
                0.9756651520729065
            ],
            [
                1.772254591969613e-07,
                0.9999998807907104
            ],
            [
                0.012850603088736534,
                0.9871494174003601
            ],
            [
                2.2108501070761122e-05,
                0.9999779462814331
            ],
            [
                0.004097782541066408,
                0.9959022402763367
            ],
            [
                0.96705561876297,
                0.03294440358877182
            ],
            [
                0.13519594073295593,
                0.8648040294647217
            ],
            [
                0.0005011589964851737,
                0.9994988441467285
            ],
            [
                0.000461745192296803,
                0.9995383024215698
            ],
            [
                0.010007294826209545,
                0.9899926781654358
            ],
            [
                0.815984845161438,
                0.18401522934436798
            ],
            [
                0.9238668084144592,
                0.07613317668437958
            ],
            [
                0.23343168199062347,
                0.7665683627128601
            ]
        ],
        "num_samples": 19
    },
    "args": {
        "labels_csv": "extra_benign_case_grade_match.csv",
        "patches_dir": "/projects/e32998/patches_benign_split",
        "runs_dir": "./runs_best_analysis",
        "epochs": 30,
        "lr": 0.000208,
        "batch_size": 1,
        "num_workers": 2,
        "embed_dim": 512,
        "per_slice_cap": 800,
        "max_slices_per_stain": 5,
        "seed": 9,
        "resume": "runs_seed_analysis/20260312_191836_split2_seed9/checkpoints/best.pth",
        "eval_only": true,
        "analyze_attention": false,
        "attention_top_n": 5,
        "load_splits": "./no_train_val_leakage_splits/data_splits_new_02.npz",
        "checkpoint_dir": "./runs_best_analysis/20260313_140950_split2_seed9/checkpoints"
    }
}