{
    "train": {
        "best_val_loss": 0.4265793560641921,
        "epochs": 10
    },
    "test": {
        "test_loss": 0.45078486147265623,
        "test_accuracy": 0.8947368421052632,
        "test_high_grade_recall": 1.0,
        "test_benign_recall": 0.7142857142857143,
        "predictions": [
            1,
            1,
            1,
            1,
            1,
            1,
            1,
            1,
            1,
            1,
            1,
            0,
            0,
            1,
            1,
            1,
            0,
            0,
            0
        ],
        "true_labels": [
            1,
            1,
            0,
            1,
            1,
            0,
            1,
            1,
            1,
            1,
            1,
            0,
            0,
            1,
            1,
            1,
            0,
            0,
            0
        ],
        "case_ids": [
            9,
            16,
            26,
            32,
            40,
            45,
            50,
            55,
            60,
            67,
            73,
            82,
            86,
            91,
            99,
            101,
            109,
            110,
            111
        ],
        "prediction_probs": [
            [
                0.0010375570273026824,
                0.99896240234375
            ],
            [
                0.044033411890268326,
                0.955966591835022
            ],
            [
                0.05376365780830383,
                0.9462363719940186
            ],
            [
                0.055272046476602554,
                0.9447279572486877
            ],
            [
                5.875520218978636e-05,
                0.9999412298202515
            ],
            [
                0.008608834818005562,
                0.9913911819458008
            ],
            [
                0.0019409207161515951,
                0.998059093952179
            ],
            [
                1.69782836678678e-08,
                1.0
            ],
            [
                0.18393725156784058,
                0.8160628080368042
            ],
            [
                0.002066278364509344,
                0.9979337453842163
            ],
            [
                6.592905992874876e-05,
                0.9999340772628784
            ],
            [
                0.999932050704956,
                6.790182669647038e-05
            ],
            [
                0.736247718334198,
                0.263752281665802
            ],
            [
                0.004745416343212128,
                0.995254635810852
            ],
            [
                2.2901873308001086e-05,
                0.9999771118164062
            ],
            [
                7.545469998149201e-06,
                0.9999924898147583
            ],
            [
                0.9624621272087097,
                0.03753792494535446
            ],
            [
                0.9980583786964417,
                0.0019415912684053183
            ],
            [
                0.7983466386795044,
                0.2016533613204956
            ]
        ],
        "num_samples": 19
    },
    "args": {
        "labels_csv": "extra_benign_case_grade_match.csv",
        "patches_dir": "/projects/e32998/patches_benign_split",
        "runs_dir": "./runs_seed_analysis",
        "epochs": 30,
        "lr": 0.000208,
        "batch_size": 1,
        "num_workers": 2,
        "embed_dim": 512,
        "per_slice_cap": 800,
        "max_slices_per_stain": 5,
        "seed": 64,
        "resume": null,
        "eval_only": false,
        "analyze_attention": false,
        "attention_top_n": 5,
        "load_splits": "./no_train_val_leakage_splits/data_splits_new_02.npz",
        "checkpoint_dir": "./runs_seed_analysis/20260312_191840_split2_seed64/checkpoints"
    }
}