{
    "train": {
        "best_val_loss": 0.3867803586104664,
        "epochs": 10
    },
    "test": {
        "test_loss": 0.24096075047783552,
        "test_accuracy": 0.9473684210526315,
        "test_high_grade_recall": 1.0,
        "test_benign_recall": 0.8571428571428571,
        "predictions": [
            1,
            1,
            1,
            0,
            0,
            0,
            1,
            1,
            0,
            1,
            1,
            1,
            1,
            1,
            1,
            0,
            1,
            1,
            0
        ],
        "true_labels": [
            1,
            1,
            1,
            0,
            0,
            0,
            1,
            1,
            0,
            1,
            1,
            1,
            0,
            1,
            1,
            0,
            1,
            1,
            0
        ],
        "case_ids": [
            3,
            11,
            17,
            21,
            24,
            34,
            42,
            48,
            53,
            58,
            63,
            70,
            77,
            80,
            88,
            94,
            97,
            106,
            118
        ],
        "prediction_probs": [
            [
                0.07243409007787704,
                0.92756587266922
            ],
            [
                0.003929514437913895,
                0.9960705041885376
            ],
            [
                0.13801904022693634,
                0.8619809150695801
            ],
            [
                0.9983329176902771,
                0.001667150529101491
            ],
            [
                0.9553413987159729,
                0.0446586087346077
            ],
            [
                0.9634958505630493,
                0.03650412708520889
            ],
            [
                2.0547331587295048e-05,
                0.9999794960021973
            ],
            [
                0.0008388389833271503,
                0.9991611242294312
            ],
            [
                0.9874512553215027,
                0.01254870742559433
            ],
            [
                0.00010543076496105641,
                0.9998944997787476
            ],
            [
                2.5642980290285777e-06,
                0.9999973773956299
            ],
            [
                0.0005956179229542613,
                0.9994044303894043
            ],
            [
                0.024891898036003113,
                0.9751080870628357
            ],
            [
                1.807919005614167e-07,
                0.9999997615814209
            ],
            [
                0.0007945294491946697,
                0.9992055296897888
            ],
            [
                0.5993231534957886,
                0.4006768465042114
            ],
            [
                0.00248112459667027,
                0.9975188970565796
            ],
            [
                7.609297608723864e-05,
                0.9999239444732666
            ],
            [
                0.9575791954994202,
                0.042420875281095505
            ]
        ],
        "num_samples": 19
    },
    "args": {
        "labels_csv": "extra_benign_case_grade_match.csv",
        "patches_dir": "/projects/e32998/patches_benign_split",
        "runs_dir": "./runs_seed_analysis",
        "epochs": 30,
        "lr": 0.000208,
        "batch_size": 1,
        "num_workers": 2,
        "embed_dim": 512,
        "per_slice_cap": 800,
        "max_slices_per_stain": 5,
        "seed": 16,
        "resume": null,
        "eval_only": false,
        "analyze_attention": false,
        "attention_top_n": 5,
        "load_splits": "./no_train_val_leakage_splits/data_splits_new_04.npz",
        "checkpoint_dir": "./runs_seed_analysis/20260312_191840_split4_seed16/checkpoints"
    }
}