{
    "train": {
        "best_val_loss": 0.143725066168312,
        "epochs": 13
    },
    "test": {
        "test_loss": 0.3997210692169166,
        "test_accuracy": 0.7777777777777778,
        "test_high_grade_recall": 0.7272727272727273,
        "test_benign_recall": 0.8571428571428571,
        "predictions": [
            1,
            1,
            1,
            0,
            0,
            0,
            0,
            1,
            1,
            1,
            1,
            1,
            0,
            0,
            0,
            0,
            1,
            0
        ],
        "true_labels": [
            1,
            1,
            1,
            0,
            0,
            0,
            1,
            1,
            1,
            0,
            1,
            1,
            0,
            1,
            0,
            1,
            1,
            0
        ],
        "case_ids": [
            5,
            14,
            19,
            25,
            27,
            36,
            44,
            49,
            54,
            56,
            66,
            72,
            79,
            84,
            90,
            92,
            98,
            119
        ],
        "prediction_probs": [
            [
                1.0683592336135916e-05,
                0.9999892711639404
            ],
            [
                1.4738614773079917e-08,
                1.0
            ],
            [
                0.00017385731916874647,
                0.9998261332511902
            ],
            [
                0.9998315572738647,
                0.0001684075250523165
            ],
            [
                0.9816403985023499,
                0.01835961826145649
            ],
            [
                0.9994445443153381,
                0.0005554902600124478
            ],
            [
                0.7489514350891113,
                0.2510485351085663
            ],
            [
                1.6726096873753704e-05,
                0.9999833106994629
            ],
            [
                0.4401429295539856,
                0.5598571300506592
            ],
            [
                0.055102478712797165,
                0.944897472858429
            ],
            [
                6.996842927264879e-08,
                0.9999998807907104
            ],
            [
                0.0021821558475494385,
                0.997817873954773
            ],
            [
                0.9982985854148865,
                0.0017014561453834176
            ],
            [
                0.7146623730659485,
                0.2853377163410187
            ],
            [
                0.9999710321426392,
                2.901147490774747e-05
            ],
            [
                0.6522373557090759,
                0.3477626442909241
            ],
            [
                0.0005236678989604115,
                0.9994763731956482
            ],
            [
                0.9999767541885376,
                2.3263937691808678e-05
            ]
        ],
        "num_samples": 18
    },
    "args": {
        "labels_csv": "extra_benign_case_grade_match.csv",
        "patches_dir": "/projects/e32998/patches_benign_split",
        "runs_dir": "./runs_seed_analysis",
        "epochs": 30,
        "lr": 0.000208,
        "batch_size": 1,
        "num_workers": 2,
        "embed_dim": 512,
        "per_slice_cap": 800,
        "max_slices_per_stain": 5,
        "seed": 36,
        "resume": null,
        "eval_only": false,
        "analyze_attention": false,
        "attention_top_n": 5,
        "load_splits": "./no_train_val_leakage_splits/data_splits_new_01.npz",
        "checkpoint_dir": "./runs_seed_analysis/20260312_191840_split1_seed36/checkpoints"
    }
}