{
    "train": {
        "best_val_loss": 0.1357940029554461,
        "epochs": 18
    },
    "test": {
        "test_loss": 0.2305951759566618,
        "test_accuracy": 0.9444444444444444,
        "test_high_grade_recall": 0.9090909090909091,
        "test_benign_recall": 1.0,
        "predictions": [
            0,
            0,
            0,
            1,
            1,
            0,
            0,
            0,
            1,
            1,
            1,
            1,
            1,
            0,
            1,
            1,
            1,
            0
        ],
        "true_labels": [
            1,
            0,
            0,
            1,
            1,
            0,
            0,
            0,
            1,
            1,
            1,
            1,
            1,
            0,
            1,
            1,
            1,
            0
        ],
        "case_ids": [
            1,
            2,
            4,
            12,
            18,
            23,
            30,
            43,
            47,
            52,
            59,
            64,
            69,
            78,
            83,
            89,
            95,
            96
        ],
        "prediction_probs": [
            [
                0.9778850674629211,
                0.02211492881178856
            ],
            [
                0.9999973773956299,
                2.615407993289409e-06
            ],
            [
                0.9991464614868164,
                0.0008535502129234374
            ],
            [
                2.790081089187879e-05,
                0.9999721050262451
            ],
            [
                0.17160117626190186,
                0.8283987641334534
            ],
            [
                0.9726763367652893,
                0.027323655784130096
            ],
            [
                0.9999122619628906,
                8.772774162935093e-05
            ],
            [
                0.9874675869941711,
                0.012532398104667664
            ],
            [
                0.002371616428717971,
                0.997628390789032
            ],
            [
                1.8189530237577856e-05,
                0.9999817609786987
            ],
            [
                9.786739241235409e-08,
                0.9999998807907104
            ],
            [
                1.2272234926058445e-05,
                0.9999877214431763
            ],
            [
                2.3746735678287223e-05,
                0.9999762773513794
            ],
            [
                0.9866278767585754,
                0.013372186571359634
            ],
            [
                4.718153423510785e-09,
                1.0
            ],
            [
                4.309415089664981e-05,
                0.9999568462371826
            ],
            [
                0.0023300955072045326,
                0.9976698756217957
            ],
            [
                0.912656843662262,
                0.08734316378831863
            ]
        ],
        "num_samples": 18
    },
    "args": {
        "labels_csv": "extra_benign_case_grade_match.csv",
        "patches_dir": "/projects/e32998/patches_benign_split",
        "runs_dir": "./runs_seed_analysis",
        "epochs": 30,
        "lr": 0.000208,
        "batch_size": 1,
        "num_workers": 2,
        "embed_dim": 512,
        "per_slice_cap": 800,
        "max_slices_per_stain": 5,
        "seed": 25,
        "resume": null,
        "eval_only": false,
        "analyze_attention": false,
        "attention_top_n": 5,
        "load_splits": "./no_train_val_leakage_splits/data_splits_new_05.npz",
        "checkpoint_dir": "./runs_seed_analysis/20260312_191840_split5_seed25/checkpoints"
    }
}