{
    "train": {
        "best_val_loss": 0.0,
        "epochs": 0
    },
    "test": {
        "test_loss": 0.3050647517483589,
        "test_accuracy": 0.8421052631578947,
        "test_high_grade_recall": 0.9166666666666666,
        "test_benign_recall": 0.7142857142857143,
        "predictions": [
            1,
            1,
            0,
            0,
            0,
            0,
            1,
            1,
            0,
            1,
            1,
            1,
            1,
            1,
            1,
            1,
            1,
            1,
            0
        ],
        "true_labels": [
            1,
            1,
            1,
            0,
            0,
            0,
            1,
            1,
            0,
            1,
            1,
            1,
            0,
            1,
            1,
            0,
            1,
            1,
            0
        ],
        "case_ids": [
            3,
            11,
            17,
            21,
            24,
            34,
            42,
            48,
            53,
            58,
            63,
            70,
            77,
            80,
            88,
            94,
            97,
            106,
            118
        ],
        "prediction_probs": [
            [
                4.105165498913266e-05,
                0.9999589920043945
            ],
            [
                0.008530372753739357,
                0.9914695620536804
            ],
            [
                0.7143476009368896,
                0.2856524586677551
            ],
            [
                0.9975534081459045,
                0.0024466319009661674
            ],
            [
                0.9951889514923096,
                0.004810989368706942
            ],
            [
                0.9977757334709167,
                0.0022242609411478043
            ],
            [
                0.0005863296682946384,
                0.9994137287139893
            ],
            [
                0.002834591083228588,
                0.9971653819084167
            ],
            [
                0.9805019497871399,
                0.019498083740472794
            ],
            [
                2.5401436687388923e-06,
                0.9999974966049194
            ],
            [
                3.177993494318798e-05,
                0.9999681711196899
            ],
            [
                0.23850755393505096,
                0.7614924907684326
            ],
            [
                0.09166977554559708,
                0.9083302617073059
            ],
            [
                1.880201466519793e-06,
                0.9999980926513672
            ],
            [
                0.0013306025648489594,
                0.9986693859100342
            ],
            [
                0.15987464785575867,
                0.8401253819465637
            ],
            [
                0.0001684312883298844,
                0.9998315572738647
            ],
            [
                2.665395584244834e-07,
                0.9999997615814209
            ],
            [
                0.9949239492416382,
                0.005075969733297825
            ]
        ],
        "num_samples": 19
    },
    "args": {
        "labels_csv": "extra_benign_case_grade_match.csv",
        "patches_dir": "/projects/e32998/patches_benign_split",
        "runs_dir": "./runs_best_analysis",
        "epochs": 30,
        "lr": 0.000208,
        "batch_size": 1,
        "num_workers": 2,
        "embed_dim": 512,
        "per_slice_cap": 800,
        "max_slices_per_stain": 5,
        "seed": 36,
        "resume": "runs_seed_analysis/20260312_191839_split4_seed36/checkpoints/best.pth",
        "eval_only": true,
        "analyze_attention": false,
        "attention_top_n": 5,
        "load_splits": "./no_train_val_leakage_splits/data_splits_new_04.npz",
        "checkpoint_dir": "./runs_best_analysis/20260313_140942_split4_seed36/checkpoints"
    }
}