{
    "train": {
        "best_val_loss": 0.0,
        "epochs": 0
    },
    "test": {
        "test_loss": 0.16830974855493927,
        "test_accuracy": 0.8947368421052632,
        "test_high_grade_recall": 0.9166666666666666,
        "test_benign_recall": 0.8571428571428571,
        "predictions": [
            1,
            0,
            0,
            0,
            1,
            1,
            1,
            1,
            1,
            1,
            1,
            1,
            0,
            1,
            0,
            1,
            1,
            0,
            0
        ],
        "true_labels": [
            1,
            1,
            0,
            0,
            1,
            1,
            0,
            1,
            1,
            1,
            1,
            1,
            0,
            1,
            0,
            1,
            1,
            0,
            0
        ],
        "case_ids": [
            7,
            15,
            22,
            28,
            38,
            41,
            46,
            51,
            57,
            61,
            68,
            75,
            85,
            87,
            93,
            100,
            104,
            107,
            108
        ],
        "prediction_probs": [
            [
                8.839516522129998e-05,
                0.9999115467071533
            ],
            [
                0.7064347267150879,
                0.2935652732849121
            ],
            [
                0.9486393332481384,
                0.05136070400476456
            ],
            [
                0.9939769506454468,
                0.006023016758263111
            ],
            [
                0.003678407520055771,
                0.9963215589523315
            ],
            [
                0.00863599218428135,
                0.9913640022277832
            ],
            [
                0.39138513803482056,
                0.6086148619651794
            ],
            [
                0.17471404373645782,
                0.8252859711647034
            ],
            [
                0.005812791176140308,
                0.9941872358322144
            ],
            [
                0.01993938349187374,
                0.9800605773925781
            ],
            [
                0.001719957566820085,
                0.9982800483703613
            ],
            [
                0.33716291189193726,
                0.6628370881080627
            ],
            [
                0.9860636591911316,
                0.013936313800513744
            ],
            [
                0.02245313860476017,
                0.9775468111038208
            ],
            [
                0.7797853350639343,
                0.2202145904302597
            ],
            [
                0.0010742637095972896,
                0.9989257454872131
            ],
            [
                0.0017411841545253992,
                0.9982587695121765
            ],
            [
                0.9934271574020386,
                0.006572890095412731
            ],
            [
                0.9635642170906067,
                0.0364358052611351
            ]
        ],
        "num_samples": 19
    },
    "args": {
        "labels_csv": "extra_benign_case_grade_match.csv",
        "patches_dir": "/projects/e32998/patches_benign_split",
        "runs_dir": "./runs_best_analysis",
        "epochs": 30,
        "lr": 0.000208,
        "batch_size": 1,
        "num_workers": 2,
        "embed_dim": 512,
        "per_slice_cap": 800,
        "max_slices_per_stain": 5,
        "seed": 64,
        "resume": "runs_seed_analysis/20260312_191840_split3_seed64/checkpoints/best.pth",
        "eval_only": true,
        "analyze_attention": false,
        "attention_top_n": 5,
        "load_splits": "./no_train_val_leakage_splits/data_splits_new_03.npz",
        "checkpoint_dir": "./runs_best_analysis/20260313_140950_split3_seed64/checkpoints"
    }
}