{
    "train": {
        "best_val_loss": 0.3802195672385431,
        "epochs": 10
    },
    "test": {
        "test_loss": 0.0646027310413974,
        "test_accuracy": 1.0,
        "test_high_grade_recall": 1.0,
        "test_benign_recall": 1.0,
        "predictions": [
            1,
            1,
            1,
            0,
            0,
            0,
            1,
            1,
            0,
            1,
            1,
            1,
            0,
            1,
            1,
            0,
            1,
            1,
            0
        ],
        "true_labels": [
            1,
            1,
            1,
            0,
            0,
            0,
            1,
            1,
            0,
            1,
            1,
            1,
            0,
            1,
            1,
            0,
            1,
            1,
            0
        ],
        "case_ids": [
            3,
            11,
            17,
            21,
            24,
            34,
            42,
            48,
            53,
            58,
            63,
            70,
            77,
            80,
            88,
            94,
            97,
            106,
            118
        ],
        "prediction_probs": [
            [
                0.0008980210986919701,
                0.999101996421814
            ],
            [
                0.008669119328260422,
                0.9913308620452881
            ],
            [
                0.36807745695114136,
                0.6319224834442139
            ],
            [
                0.8252264261245728,
                0.17477358877658844
            ],
            [
                0.9985132813453674,
                0.00148668116889894
            ],
            [
                0.9999293088912964,
                7.063118391670287e-05
            ],
            [
                0.0003006315673701465,
                0.9996993541717529
            ],
            [
                0.00012647952826227993,
                0.9998735189437866
            ],
            [
                0.9974000453948975,
                0.002599932486191392
            ],
            [
                5.030834290664643e-05,
                0.9999496936798096
            ],
            [
                7.204130270110909e-06,
                0.999992847442627
            ],
            [
                0.08212767541408539,
                0.9178723692893982
            ],
            [
                0.6568921804428101,
                0.34310778975486755
            ],
            [
                3.0136936857161345e-07,
                0.9999996423721313
            ],
            [
                0.005745753180235624,
                0.9942542910575867
            ],
            [
                0.9749088287353516,
                0.025091104209423065
            ],
            [
                0.022163767367601395,
                0.9778362512588501
            ],
            [
                3.1045728974277154e-05,
                0.9999690055847168
            ],
            [
                0.9974396228790283,
                0.0025603261310607195
            ]
        ],
        "num_samples": 19
    },
    "args": {
        "labels_csv": "extra_benign_case_grade_match.csv",
        "patches_dir": "/projects/e32998/patches_benign_split",
        "runs_dir": "./runs_seed_analysis",
        "epochs": 30,
        "lr": 0.000208,
        "batch_size": 1,
        "num_workers": 2,
        "embed_dim": 512,
        "per_slice_cap": 800,
        "max_slices_per_stain": 5,
        "seed": 4,
        "resume": null,
        "eval_only": false,
        "analyze_attention": false,
        "attention_top_n": 5,
        "load_splits": "./no_train_val_leakage_splits/data_splits_new_04.npz",
        "checkpoint_dir": "./runs_seed_analysis/20260312_191819_split4_seed4/checkpoints"
    }
}