{
    "train": {
        "best_val_loss": 0.0,
        "epochs": 0
    },
    "test": {
        "test_loss": 0.19252693442588983,
        "test_accuracy": 0.8888888888888888,
        "test_high_grade_recall": 0.8181818181818182,
        "test_benign_recall": 1.0,
        "predictions": [
            1,
            0,
            0,
            1,
            0,
            0,
            0,
            0,
            1,
            1,
            1,
            1,
            0,
            0,
            1,
            1,
            1,
            0
        ],
        "true_labels": [
            1,
            0,
            0,
            1,
            1,
            0,
            0,
            0,
            1,
            1,
            1,
            1,
            1,
            0,
            1,
            1,
            1,
            0
        ],
        "case_ids": [
            1,
            2,
            4,
            12,
            18,
            23,
            30,
            43,
            47,
            52,
            59,
            64,
            69,
            78,
            83,
            89,
            95,
            96
        ],
        "prediction_probs": [
            [
                0.07652854174375534,
                0.9234714508056641
            ],
            [
                0.9859191179275513,
                0.014080868102610111
            ],
            [
                0.8637504577636719,
                0.1362495720386505
            ],
            [
                0.06317131966352463,
                0.9368287324905396
            ],
            [
                0.5209295153617859,
                0.4790704548358917
            ],
            [
                0.9099202752113342,
                0.0900796577334404
            ],
            [
                0.9909648895263672,
                0.009035089984536171
            ],
            [
                0.8660275936126709,
                0.13397245109081268
            ],
            [
                0.032919012010097504,
                0.9670809507369995
            ],
            [
                0.001039782539010048,
                0.9989602565765381
            ],
            [
                1.3205155482864939e-05,
                0.9999867677688599
            ],
            [
                0.0001301202573813498,
                0.9998698234558105
            ],
            [
                0.6504474878311157,
                0.3495524525642395
            ],
            [
                0.790207028388977,
                0.20979295670986176
            ],
            [
                0.0007767747156322002,
                0.9992232322692871
            ],
            [
                0.1527584195137024,
                0.8472415208816528
            ],
            [
                0.33485904335975647,
                0.6651409864425659
            ],
            [
                0.7548620104789734,
                0.24513797461986542
            ]
        ],
        "num_samples": 18
    },
    "args": {
        "labels_csv": "extra_benign_case_grade_match.csv",
        "patches_dir": "/projects/e32998/patches_benign_split",
        "runs_dir": "./runs_best_analysis",
        "epochs": 30,
        "lr": 0.000208,
        "batch_size": 1,
        "num_workers": 2,
        "embed_dim": 512,
        "per_slice_cap": 800,
        "max_slices_per_stain": 5,
        "seed": 36,
        "resume": "runs_seed_analysis/20260312_191840_split5_seed36/checkpoints/best.pth",
        "eval_only": true,
        "analyze_attention": false,
        "attention_top_n": 5,
        "load_splits": "./no_train_val_leakage_splits/data_splits_new_05.npz",
        "checkpoint_dir": "./runs_best_analysis/20260313_140950_split5_seed36/checkpoints"
    }
}