{
    "train": {
        "best_val_loss": 0.11176909411078857,
        "epochs": 13
    },
    "test": {
        "test_loss": 0.2298652416347472,
        "test_accuracy": 0.9444444444444444,
        "test_high_grade_recall": 1.0,
        "test_benign_recall": 0.8571428571428571,
        "predictions": [
            1,
            1,
            1,
            0,
            0,
            0,
            1,
            1,
            1,
            1,
            1,
            1,
            0,
            1,
            0,
            1,
            1,
            0
        ],
        "true_labels": [
            1,
            1,
            1,
            0,
            0,
            0,
            1,
            1,
            1,
            0,
            1,
            1,
            0,
            1,
            0,
            1,
            1,
            0
        ],
        "case_ids": [
            5,
            14,
            19,
            25,
            27,
            36,
            44,
            49,
            54,
            56,
            66,
            72,
            79,
            84,
            90,
            92,
            98,
            119
        ],
        "prediction_probs": [
            [
                2.16583906365031e-08,
                1.0
            ],
            [
                2.2768475105294783e-08,
                1.0
            ],
            [
                0.0191936157643795,
                0.9808063507080078
            ],
            [
                0.9999817609786987,
                1.8265913240611553e-05
            ],
            [
                0.9559599757194519,
                0.04404005408287048
            ],
            [
                0.9983139038085938,
                0.0016860755858942866
            ],
            [
                2.1738904251833446e-05,
                0.9999783039093018
            ],
            [
                9.806012712942902e-06,
                0.9999902248382568
            ],
            [
                0.14259660243988037,
                0.8574033379554749
            ],
            [
                0.0306561142206192,
                0.969343900680542
            ],
            [
                4.5103965007342595e-09,
                1.0
            ],
            [
                0.01686789281666279,
                0.9831320643424988
            ],
            [
                0.9967917799949646,
                0.0032081918325275183
            ],
            [
                0.2861253023147583,
                0.7138746976852417
            ],
            [
                0.9999582767486572,
                4.1731949750101194e-05
            ],
            [
                0.07207648456096649,
                0.9279235601425171
            ],
            [
                0.0005110735073685646,
                0.9994889497756958
            ],
            [
                0.9999841451644897,
                1.5900126527412795e-05
            ]
        ],
        "num_samples": 18
    },
    "args": {
        "labels_csv": "extra_benign_case_grade_match.csv",
        "patches_dir": "/projects/e32998/patches_benign_split",
        "runs_dir": "./runs_seed_analysis",
        "epochs": 30,
        "lr": 0.000208,
        "batch_size": 1,
        "num_workers": 2,
        "embed_dim": 512,
        "per_slice_cap": 800,
        "max_slices_per_stain": 5,
        "seed": 4,
        "resume": null,
        "eval_only": false,
        "analyze_attention": false,
        "attention_top_n": 5,
        "load_splits": "./no_train_val_leakage_splits/data_splits_new_01.npz",
        "checkpoint_dir": "./runs_seed_analysis/20260312_191819_split1_seed4/checkpoints"
    }
}