{
    "train": {
        "best_val_loss": 0.244038623820365,
        "epochs": 11
    },
    "test": {
        "test_loss": 0.6824273324589644,
        "test_accuracy": 0.7894736842105263,
        "test_high_grade_recall": 1.0,
        "test_benign_recall": 0.42857142857142855,
        "predictions": [
            1,
            1,
            1,
            1,
            1,
            1,
            1,
            1,
            1,
            1,
            1,
            0,
            1,
            1,
            1,
            1,
            0,
            0,
            1
        ],
        "true_labels": [
            1,
            1,
            0,
            1,
            1,
            0,
            1,
            1,
            1,
            1,
            1,
            0,
            0,
            1,
            1,
            1,
            0,
            0,
            0
        ],
        "case_ids": [
            9,
            16,
            26,
            32,
            40,
            45,
            50,
            55,
            60,
            67,
            73,
            82,
            86,
            91,
            99,
            101,
            109,
            110,
            111
        ],
        "prediction_probs": [
            [
                1.687131771177519e-05,
                0.9999830722808838
            ],
            [
                0.047590259462594986,
                0.9524097442626953
            ],
            [
                0.018747646361589432,
                0.9812523722648621
            ],
            [
                0.01650473102927208,
                0.98349529504776
            ],
            [
                3.566778332242393e-06,
                0.9999964237213135
            ],
            [
                0.01213034801185131,
                0.9878696799278259
            ],
            [
                0.05109577625989914,
                0.948904275894165
            ],
            [
                1.251450720829439e-09,
                1.0
            ],
            [
                0.1482965499162674,
                0.8517034649848938
            ],
            [
                2.379204670432955e-05,
                0.9999761581420898
            ],
            [
                0.0019490172853693366,
                0.9980510473251343
            ],
            [
                0.9989175796508789,
                0.0010824254713952541
            ],
            [
                0.3080943822860718,
                0.6919056177139282
            ],
            [
                0.0009440688882023096,
                0.9990559220314026
            ],
            [
                1.46352494994062e-05,
                0.9999853372573853
            ],
            [
                3.831586946034804e-05,
                0.9999617338180542
            ],
            [
                0.7970531582832336,
                0.20294687151908875
            ],
            [
                0.9998983144760132,
                0.00010165251296712086
            ],
            [
                0.05553954467177391,
                0.9444604516029358
            ]
        ],
        "num_samples": 19
    },
    "args": {
        "labels_csv": "extra_benign_case_grade_match.csv",
        "patches_dir": "/projects/e32998/patches_benign_split",
        "runs_dir": "./runs_seed_analysis",
        "epochs": 30,
        "lr": 0.000208,
        "batch_size": 1,
        "num_workers": 2,
        "embed_dim": 512,
        "per_slice_cap": 800,
        "max_slices_per_stain": 5,
        "seed": 4,
        "resume": null,
        "eval_only": false,
        "analyze_attention": false,
        "attention_top_n": 5,
        "load_splits": "./no_train_val_leakage_splits/data_splits_new_02.npz",
        "checkpoint_dir": "./runs_seed_analysis/20260312_191819_split2_seed4/checkpoints"
    }
}