{
    "train": {
        "best_val_loss": 0.0,
        "epochs": 0
    },
    "test": {
        "test_loss": 0.23522063643414234,
        "test_accuracy": 0.8947368421052632,
        "test_high_grade_recall": 1.0,
        "test_benign_recall": 0.7142857142857143,
        "predictions": [
            1,
            1,
            1,
            0,
            0,
            0,
            1,
            1,
            1,
            1,
            1,
            1,
            0,
            1,
            1,
            1,
            1,
            1,
            0
        ],
        "true_labels": [
            1,
            1,
            1,
            0,
            0,
            0,
            1,
            1,
            0,
            1,
            1,
            1,
            0,
            1,
            1,
            0,
            1,
            1,
            0
        ],
        "case_ids": [
            3,
            11,
            17,
            21,
            24,
            34,
            42,
            48,
            53,
            58,
            63,
            70,
            77,
            80,
            88,
            94,
            97,
            106,
            118
        ],
        "prediction_probs": [
            [
                0.058087147772312164,
                0.941912829875946
            ],
            [
                0.06563802063465118,
                0.9343619346618652
            ],
            [
                0.0905926302075386,
                0.909407377243042
            ],
            [
                0.8477084040641785,
                0.15229155123233795
            ],
            [
                0.875572681427002,
                0.12442732602357864
            ],
            [
                0.9725633859634399,
                0.027436673641204834
            ],
            [
                0.0021047384943813086,
                0.9978952407836914
            ],
            [
                0.00035377551103010774,
                0.9996461868286133
            ],
            [
                0.48989829421043396,
                0.5101016759872437
            ],
            [
                0.001742976950481534,
                0.9982569813728333
            ],
            [
                0.0006380140548571944,
                0.999362051486969
            ],
            [
                0.033930063247680664,
                0.9660698771476746
            ],
            [
                0.8043810129165649,
                0.19561894237995148
            ],
            [
                0.0014073060592636466,
                0.9985926747322083
            ],
            [
                0.0017757255118340254,
                0.9982243180274963
            ],
            [
                0.06952279806137085,
                0.9304771423339844
            ],
            [
                0.12001512944698334,
                0.8799848556518555
            ],
            [
                0.0029432661831378937,
                0.9970567226409912
            ],
            [
                0.8607994914054871,
                0.13920049369335175
            ]
        ],
        "num_samples": 19
    },
    "args": {
        "labels_csv": "extra_benign_case_grade_match.csv",
        "patches_dir": "/projects/e32998/patches_benign_split",
        "runs_dir": "./runs_best_analysis",
        "epochs": 30,
        "lr": 0.000208,
        "batch_size": 1,
        "num_workers": 2,
        "embed_dim": 512,
        "per_slice_cap": 800,
        "max_slices_per_stain": 5,
        "seed": 1,
        "resume": "runs_seed_analysis/20260312_191819_split4_seed1/checkpoints/best.pth",
        "eval_only": true,
        "analyze_attention": false,
        "attention_top_n": 5,
        "load_splits": "./no_train_val_leakage_splits/data_splits_new_04.npz",
        "checkpoint_dir": "./runs_best_analysis/20260313_140942_split4_seed1/checkpoints"
    }
}