{
    "train": {
        "best_val_loss": 0.0,
        "epochs": 0
    },
    "test": {
        "test_loss": 0.2557013279731027,
        "test_accuracy": 0.8888888888888888,
        "test_high_grade_recall": 0.9090909090909091,
        "test_benign_recall": 0.8571428571428571,
        "predictions": [
            1,
            1,
            1,
            0,
            0,
            0,
            1,
            1,
            1,
            1,
            1,
            1,
            0,
            0,
            0,
            1,
            1,
            0
        ],
        "true_labels": [
            1,
            1,
            1,
            0,
            0,
            0,
            1,
            1,
            1,
            0,
            1,
            1,
            0,
            1,
            0,
            1,
            1,
            0
        ],
        "case_ids": [
            5,
            14,
            19,
            25,
            27,
            36,
            44,
            49,
            54,
            56,
            66,
            72,
            79,
            84,
            90,
            92,
            98,
            119
        ],
        "prediction_probs": [
            [
                3.063661324631539e-07,
                0.9999996423721313
            ],
            [
                2.74191513938149e-09,
                1.0
            ],
            [
                2.4953473257482983e-05,
                0.9999750852584839
            ],
            [
                0.9996674060821533,
                0.0003326613805256784
            ],
            [
                0.9923972487449646,
                0.0076027135364711285
            ],
            [
                0.9998515844345093,
                0.00014844800170976669
            ],
            [
                0.08258587121963501,
                0.917414128780365
            ],
            [
                5.860288365511224e-05,
                0.999941349029541
            ],
            [
                0.11539098620414734,
                0.8846089839935303
            ],
            [
                0.04003695771098137,
                0.9599630236625671
            ],
            [
                1.3315685443160419e-08,
                1.0
            ],
            [
                0.017498577013611794,
                0.9825014472007751
            ],
            [
                0.9861974120140076,
                0.013802553527057171
            ],
            [
                0.6000607013702393,
                0.39993929862976074
            ],
            [
                0.9999915361404419,
                8.409660949837416e-06
            ],
            [
                0.19710126519203186,
                0.8028987050056458
            ],
            [
                0.00013427792873699218,
                0.9998656511306763
            ],
            [
                0.9999954700469971,
                4.493209871725412e-06
            ]
        ],
        "num_samples": 18
    },
    "args": {
        "labels_csv": "extra_benign_case_grade_match.csv",
        "patches_dir": "/projects/e32998/patches_benign_split",
        "runs_dir": "./runs_best_analysis",
        "epochs": 30,
        "lr": 0.000208,
        "batch_size": 1,
        "num_workers": 2,
        "embed_dim": 512,
        "per_slice_cap": 800,
        "max_slices_per_stain": 5,
        "seed": 1,
        "resume": "runs_seed_analysis/20260312_191819_split1_seed1/checkpoints/best.pth",
        "eval_only": true,
        "analyze_attention": false,
        "attention_top_n": 5,
        "load_splits": "./no_train_val_leakage_splits/data_splits_new_01.npz",
        "checkpoint_dir": "./runs_best_analysis/20260313_140950_split1_seed1/checkpoints"
    }
}