{
    "train": {
        "best_val_loss": 0.0,
        "epochs": 0
    },
    "test": {
        "test_loss": 0.08813963693261796,
        "test_accuracy": 0.9473684210526315,
        "test_high_grade_recall": 1.0,
        "test_benign_recall": 0.8571428571428571,
        "predictions": [
            1,
            1,
            1,
            0,
            0,
            0,
            1,
            1,
            0,
            1,
            1,
            1,
            0,
            1,
            1,
            1,
            1,
            1,
            0
        ],
        "true_labels": [
            1,
            1,
            1,
            0,
            0,
            0,
            1,
            1,
            0,
            1,
            1,
            1,
            0,
            1,
            1,
            0,
            1,
            1,
            0
        ],
        "case_ids": [
            3,
            11,
            17,
            21,
            24,
            34,
            42,
            48,
            53,
            58,
            63,
            70,
            77,
            80,
            88,
            94,
            97,
            106,
            118
        ],
        "prediction_probs": [
            [
                0.018121827393770218,
                0.9818781018257141
            ],
            [
                0.17239710688591003,
                0.8276029229164124
            ],
            [
                0.07349684834480286,
                0.9265031814575195
            ],
            [
                0.8327759504318237,
                0.1672240048646927
            ],
            [
                0.9889892935752869,
                0.011010777205228806
            ],
            [
                0.9957219362258911,
                0.004278039559721947
            ],
            [
                0.0024732183665037155,
                0.9975268244743347
            ],
            [
                0.0027992278337478638,
                0.9972007274627686
            ],
            [
                0.9487798810005188,
                0.05122007802128792
            ],
            [
                0.0011403249809518456,
                0.9988596439361572
            ],
            [
                0.00019087233522441238,
                0.999809205532074
            ],
            [
                0.011914078146219254,
                0.9880858659744263
            ],
            [
                0.9023381471633911,
                0.09766185283660889
            ],
            [
                1.9018469174625352e-05,
                0.9999809265136719
            ],
            [
                0.04111369699239731,
                0.9588863253593445
            ],
            [
                0.4849937856197357,
                0.5150061845779419
            ],
            [
                0.20760050415992737,
                0.7923994660377502
            ],
            [
                0.000746531062759459,
                0.9992534518241882
            ],
            [
                0.9807311296463013,
                0.019268890842795372
            ]
        ],
        "num_samples": 19
    },
    "args": {
        "labels_csv": "extra_benign_case_grade_match.csv",
        "patches_dir": "/projects/e32998/patches_benign_split",
        "runs_dir": "./runs_best_analysis",
        "epochs": 30,
        "lr": 0.000208,
        "batch_size": 1,
        "num_workers": 2,
        "embed_dim": 512,
        "per_slice_cap": 800,
        "max_slices_per_stain": 5,
        "seed": 49,
        "resume": "runs_seed_analysis/20260312_191839_split4_seed49/checkpoints/best.pth",
        "eval_only": true,
        "analyze_attention": false,
        "attention_top_n": 5,
        "load_splits": "./no_train_val_leakage_splits/data_splits_new_04.npz",
        "checkpoint_dir": "./runs_best_analysis/20260313_140950_split4_seed49/checkpoints"
    }
}