{
    "train": {
        "best_val_loss": 0.0,
        "epochs": 0
    },
    "test": {
        "test_loss": 0.30147990235562044,
        "test_accuracy": 0.8888888888888888,
        "test_high_grade_recall": 0.9090909090909091,
        "test_benign_recall": 0.8571428571428571,
        "predictions": [
            1,
            1,
            1,
            0,
            0,
            0,
            1,
            1,
            1,
            1,
            1,
            1,
            0,
            0,
            0,
            1,
            1,
            0
        ],
        "true_labels": [
            1,
            1,
            1,
            0,
            0,
            0,
            1,
            1,
            1,
            0,
            1,
            1,
            0,
            1,
            0,
            1,
            1,
            0
        ],
        "case_ids": [
            5,
            14,
            19,
            25,
            27,
            36,
            44,
            49,
            54,
            56,
            66,
            72,
            79,
            84,
            90,
            92,
            98,
            119
        ],
        "prediction_probs": [
            [
                1.918669795486494e-06,
                0.9999980926513672
            ],
            [
                2.710199886735154e-08,
                1.0
            ],
            [
                1.999412415898405e-05,
                0.9999799728393555
            ],
            [
                0.9974420070648193,
                0.002558019943535328
            ],
            [
                0.9758550524711609,
                0.024144940078258514
            ],
            [
                0.9997022747993469,
                0.00029764382634311914
            ],
            [
                0.1452542096376419,
                0.8547457456588745
            ],
            [
                8.135540156217758e-06,
                0.9999918937683105
            ],
            [
                0.24387763440608978,
                0.7561224102973938
            ],
            [
                0.046111900359392166,
                0.9538880586624146
            ],
            [
                4.783816720532741e-08,
                1.0
            ],
            [
                0.08120263367891312,
                0.9187973737716675
            ],
            [
                0.9492297172546387,
                0.050770241767168045
            ],
            [
                0.7870978116989136,
                0.21290220320224762
            ],
            [
                0.9997374415397644,
                0.00026254652766510844
            ],
            [
                0.18165770173072815,
                0.8183423280715942
            ],
            [
                0.0015950744273141026,
                0.9984049201011658
            ],
            [
                0.9999295473098755,
                7.046905375318602e-05
            ]
        ],
        "num_samples": 18
    },
    "args": {
        "labels_csv": "extra_benign_case_grade_match.csv",
        "patches_dir": "/projects/e32998/patches_benign_split",
        "runs_dir": "./runs_best_analysis",
        "epochs": 30,
        "lr": 0.000208,
        "batch_size": 1,
        "num_workers": 2,
        "embed_dim": 512,
        "per_slice_cap": 800,
        "max_slices_per_stain": 5,
        "seed": 100,
        "resume": "runs_seed_analysis/20260312_191840_split1_seed100/checkpoints/best.pth",
        "eval_only": true,
        "analyze_attention": false,
        "attention_top_n": 5,
        "load_splits": "./no_train_val_leakage_splits/data_splits_new_01.npz",
        "checkpoint_dir": "./runs_best_analysis/20260313_140942_split1_seed100/checkpoints"
    }
}