{
    "train": {
        "best_val_loss": 0.0,
        "epochs": 0
    },
    "test": {
        "test_loss": 0.6176960820216784,
        "test_accuracy": 0.7368421052631579,
        "test_high_grade_recall": 0.6666666666666666,
        "test_benign_recall": 0.8571428571428571,
        "predictions": [
            1,
            0,
            0,
            0,
            1,
            1,
            1,
            0,
            1,
            0,
            1,
            0,
            0,
            1,
            0,
            1,
            1,
            0,
            0
        ],
        "true_labels": [
            1,
            1,
            0,
            0,
            1,
            1,
            0,
            1,
            1,
            1,
            1,
            1,
            0,
            1,
            0,
            1,
            1,
            0,
            0
        ],
        "case_ids": [
            7,
            15,
            22,
            28,
            38,
            41,
            46,
            51,
            57,
            61,
            68,
            75,
            85,
            87,
            93,
            100,
            104,
            107,
            108
        ],
        "prediction_probs": [
            [
                6.922135185050138e-07,
                0.9999992847442627
            ],
            [
                0.7036727070808411,
                0.29632729291915894
            ],
            [
                0.9993612170219421,
                0.0006387425819411874
            ],
            [
                0.999824583530426,
                0.00017542479326948524
            ],
            [
                0.00044468967826105654,
                0.9995552897453308
            ],
            [
                0.0001415867591276765,
                0.9998583793640137
            ],
            [
                0.006532422732561827,
                0.9934676289558411
            ],
            [
                0.5677264928817749,
                0.4322735071182251
            ],
            [
                3.56562522938475e-05,
                0.9999643564224243
            ],
            [
                0.673812985420227,
                0.3261869549751282
            ],
            [
                0.004651735071092844,
                0.9953482747077942
            ],
            [
                0.9702015519142151,
                0.029798422008752823
            ],
            [
                0.9982098340988159,
                0.0017902241088449955
            ],
            [
                0.000612603675108403,
                0.9993873834609985
            ],
            [
                0.9941604733467102,
                0.00583952059969306
            ],
            [
                0.0011773096630349755,
                0.9988226294517517
            ],
            [
                6.955677963560447e-05,
                0.9999303817749023
            ],
            [
                0.9999392032623291,
                6.082464460632764e-05
            ],
            [
                0.9989936947822571,
                0.0010062514338642359
            ]
        ],
        "num_samples": 19
    },
    "args": {
        "labels_csv": "extra_benign_case_grade_match.csv",
        "patches_dir": "/projects/e32998/patches_benign_split",
        "runs_dir": "./runs_best_analysis",
        "epochs": 30,
        "lr": 0.000208,
        "batch_size": 1,
        "num_workers": 2,
        "embed_dim": 512,
        "per_slice_cap": 800,
        "max_slices_per_stain": 5,
        "seed": 9,
        "resume": "runs_seed_analysis/20260312_191836_split3_seed9/checkpoints/best.pth",
        "eval_only": true,
        "analyze_attention": false,
        "attention_top_n": 5,
        "load_splits": "./no_train_val_leakage_splits/data_splits_new_03.npz",
        "checkpoint_dir": "./runs_best_analysis/20260313_140949_split3_seed9/checkpoints"
    }
}