{
    "train": {
        "best_val_loss": 0.2624884883197274,
        "epochs": 12
    },
    "test": {
        "test_loss": 0.2830031913949764,
        "test_accuracy": 0.8947368421052632,
        "test_high_grade_recall": 1.0,
        "test_benign_recall": 0.7142857142857143,
        "predictions": [
            1,
            1,
            1,
            1,
            1,
            1,
            1,
            1,
            1,
            1,
            1,
            0,
            0,
            1,
            1,
            1,
            0,
            0,
            0
        ],
        "true_labels": [
            1,
            1,
            0,
            1,
            1,
            0,
            1,
            1,
            1,
            1,
            1,
            0,
            0,
            1,
            1,
            1,
            0,
            0,
            0
        ],
        "case_ids": [
            9,
            16,
            26,
            32,
            40,
            45,
            50,
            55,
            60,
            67,
            73,
            82,
            86,
            91,
            99,
            101,
            109,
            110,
            111
        ],
        "prediction_probs": [
            [
                1.0864318937819917e-06,
                0.999998927116394
            ],
            [
                0.08062952011823654,
                0.9193704128265381
            ],
            [
                0.07048048824071884,
                0.929519534111023
            ],
            [
                0.14868691563606262,
                0.8513131141662598
            ],
            [
                2.6369885745225474e-05,
                0.9999736547470093
            ],
            [
                0.19977061450481415,
                0.8002294301986694
            ],
            [
                0.020761763677001,
                0.9792382121086121
            ],
            [
                2.223929262967772e-09,
                1.0
            ],
            [
                0.1400994509458542,
                0.8599004745483398
            ],
            [
                1.7605141692911275e-05,
                0.9999823570251465
            ],
            [
                0.003369459882378578,
                0.9966304898262024
            ],
            [
                0.9996066689491272,
                0.00039337362977676094
            ],
            [
                0.8837376236915588,
                0.11626237630844116
            ],
            [
                0.0007022068020887673,
                0.9992977380752563
            ],
            [
                0.00016276944370474666,
                0.9998371601104736
            ],
            [
                0.0010438438039273024,
                0.9989560842514038
            ],
            [
                0.9649094343185425,
                0.03509053215384483
            ],
            [
                0.9990102052688599,
                0.0009897220879793167
            ],
            [
                0.5879780650138855,
                0.4120218753814697
            ]
        ],
        "num_samples": 19
    },
    "args": {
        "labels_csv": "extra_benign_case_grade_match.csv",
        "patches_dir": "/projects/e32998/patches_benign_split",
        "runs_dir": "./runs_seed_analysis",
        "epochs": 30,
        "lr": 0.000208,
        "batch_size": 1,
        "num_workers": 2,
        "embed_dim": 512,
        "per_slice_cap": 800,
        "max_slices_per_stain": 5,
        "seed": 9,
        "resume": null,
        "eval_only": false,
        "analyze_attention": false,
        "attention_top_n": 5,
        "load_splits": "./no_train_val_leakage_splits/data_splits_new_02.npz",
        "checkpoint_dir": "./runs_seed_analysis/20260312_191836_split2_seed9/checkpoints"
    }
}