{
    "train": {
        "best_val_loss": 0.21331898865368634,
        "epochs": 15
    },
    "test": {
        "test_loss": 0.4631691304227125,
        "test_accuracy": 0.8947368421052632,
        "test_high_grade_recall": 0.9166666666666666,
        "test_benign_recall": 0.8571428571428571,
        "predictions": [
            1,
            1,
            0,
            0,
            1,
            1,
            1,
            1,
            1,
            1,
            1,
            0,
            0,
            1,
            0,
            1,
            1,
            0,
            0
        ],
        "true_labels": [
            1,
            1,
            0,
            0,
            1,
            1,
            0,
            1,
            1,
            1,
            1,
            1,
            0,
            1,
            0,
            1,
            1,
            0,
            0
        ],
        "case_ids": [
            7,
            15,
            22,
            28,
            38,
            41,
            46,
            51,
            57,
            61,
            68,
            75,
            85,
            87,
            93,
            100,
            104,
            107,
            108
        ],
        "prediction_probs": [
            [
                1.6899710075790608e-08,
                1.0
            ],
            [
                0.18806092441082,
                0.8119391202926636
            ],
            [
                0.9996827840805054,
                0.00031725040753372014
            ],
            [
                0.9998741149902344,
                0.00012584000069182366
            ],
            [
                3.927810394088738e-05,
                0.9999606609344482
            ],
            [
                4.281200745026581e-06,
                0.9999957084655762
            ],
            [
                0.0008116354583762586,
                0.9991883635520935
            ],
            [
                0.03668336197733879,
                0.9633165597915649
            ],
            [
                2.3110881102184067e-06,
                0.9999977350234985
            ],
            [
                0.23134581744670868,
                0.7686542272567749
            ],
            [
                0.0006241031805984676,
                0.9993758797645569
            ],
            [
                0.6813278794288635,
                0.31867215037345886
            ],
            [
                0.9991782307624817,
                0.0008217146387323737
            ],
            [
                1.2258667084097397e-05,
                0.9999877214431763
            ],
            [
                0.9720664620399475,
                0.027933485805988312
            ],
            [
                6.210981518961489e-05,
                0.999937891960144
            ],
            [
                4.1383850657439325e-06,
                0.9999958276748657
            ],
            [
                0.9999641180038452,
                3.591602580854669e-05
            ],
            [
                0.999037504196167,
                0.0009625225211493671
            ]
        ],
        "num_samples": 19
    },
    "args": {
        "labels_csv": "extra_benign_case_grade_match.csv",
        "patches_dir": "/projects/e32998/patches_benign_split",
        "runs_dir": "./runs_seed_analysis",
        "epochs": 30,
        "lr": 0.000208,
        "batch_size": 1,
        "num_workers": 2,
        "embed_dim": 512,
        "per_slice_cap": 800,
        "max_slices_per_stain": 5,
        "seed": 9,
        "resume": null,
        "eval_only": false,
        "analyze_attention": false,
        "attention_top_n": 5,
        "load_splits": "./no_train_val_leakage_splits/data_splits_new_03.npz",
        "checkpoint_dir": "./runs_seed_analysis/20260312_191836_split3_seed9/checkpoints"
    }
}