{
    "train": {
        "best_val_loss": 0.0,
        "epochs": 0
    },
    "test": {
        "test_loss": 0.26224547217747096,
        "test_accuracy": 0.8421052631578947,
        "test_high_grade_recall": 0.75,
        "test_benign_recall": 1.0,
        "predictions": [
            0,
            0,
            0,
            0,
            0,
            0,
            1,
            1,
            0,
            1,
            1,
            1,
            0,
            1,
            1,
            0,
            1,
            1,
            0
        ],
        "true_labels": [
            1,
            1,
            1,
            0,
            0,
            0,
            1,
            1,
            0,
            1,
            1,
            1,
            0,
            1,
            1,
            0,
            1,
            1,
            0
        ],
        "case_ids": [
            3,
            11,
            17,
            21,
            24,
            34,
            42,
            48,
            53,
            58,
            63,
            70,
            77,
            80,
            88,
            94,
            97,
            106,
            118
        ],
        "prediction_probs": [
            [
                0.5137414932250977,
                0.48625850677490234
            ],
            [
                0.6586645245552063,
                0.3413354456424713
            ],
            [
                0.5885324478149414,
                0.41146764159202576
            ],
            [
                0.8526792526245117,
                0.14732076227664948
            ],
            [
                0.9676752090454102,
                0.03232474997639656
            ],
            [
                0.97719806432724,
                0.022801978513598442
            ],
            [
                0.039246685802936554,
                0.960753321647644
            ],
            [
                0.02076447755098343,
                0.9792354702949524
            ],
            [
                0.841076135635376,
                0.1589238941669464
            ],
            [
                0.11401277780532837,
                0.8859871625900269
            ],
            [
                0.003452880308032036,
                0.9965471625328064
            ],
            [
                0.09434150159358978,
                0.9056585431098938
            ],
            [
                0.89914870262146,
                0.10085128992795944
            ],
            [
                0.003068131161853671,
                0.996931791305542
            ],
            [
                0.17347019910812378,
                0.8265298008918762
            ],
            [
                0.55022132396698,
                0.44977867603302
            ],
            [
                0.47377824783325195,
                0.5262218117713928
            ],
            [
                0.053175441920757294,
                0.9468245506286621
            ],
            [
                0.9687662720680237,
                0.031233781948685646
            ]
        ],
        "num_samples": 19
    },
    "args": {
        "labels_csv": "extra_benign_case_grade_match.csv",
        "patches_dir": "/projects/e32998/patches_benign_split",
        "runs_dir": "./runs_best_analysis",
        "epochs": 30,
        "lr": 0.000208,
        "batch_size": 1,
        "num_workers": 2,
        "embed_dim": 512,
        "per_slice_cap": 800,
        "max_slices_per_stain": 5,
        "seed": 4,
        "resume": "runs_seed_analysis/20260312_191819_split4_seed4/checkpoints/best.pth",
        "eval_only": true,
        "analyze_attention": false,
        "attention_top_n": 5,
        "load_splits": "./no_train_val_leakage_splits/data_splits_new_04.npz",
        "checkpoint_dir": "./runs_best_analysis/20260313_140942_split4_seed4/checkpoints"
    }
}