{
    "train": {
        "best_val_loss": 0.21331973885311958,
        "epochs": 16
    },
    "test": {
        "test_loss": 0.26581221468027433,
        "test_accuracy": 0.8421052631578947,
        "test_high_grade_recall": 0.9166666666666666,
        "test_benign_recall": 0.7142857142857143,
        "predictions": [
            1,
            1,
            0,
            0,
            1,
            1,
            1,
            1,
            1,
            0,
            1,
            1,
            0,
            1,
            1,
            1,
            1,
            0,
            0
        ],
        "true_labels": [
            1,
            1,
            0,
            0,
            1,
            1,
            0,
            1,
            1,
            1,
            1,
            1,
            0,
            1,
            0,
            1,
            1,
            0,
            0
        ],
        "case_ids": [
            7,
            15,
            22,
            28,
            38,
            41,
            46,
            51,
            57,
            61,
            68,
            75,
            85,
            87,
            93,
            100,
            104,
            107,
            108
        ],
        "prediction_probs": [
            [
                6.711654565449976e-10,
                1.0
            ],
            [
                0.13434256613254547,
                0.865657389163971
            ],
            [
                0.9999327659606934,
                6.726354331476614e-05
            ],
            [
                0.9999043941497803,
                9.555923315929249e-05
            ],
            [
                2.633183976286091e-05,
                0.9999736547470093
            ],
            [
                7.76403430791106e-06,
                0.9999922513961792
            ],
            [
                0.06864399462938309,
                0.9313560128211975
            ],
            [
                0.008103693835437298,
                0.9918963313102722
            ],
            [
                3.458282833435078e-07,
                0.9999996423721313
            ],
            [
                0.753119945526123,
                0.24687999486923218
            ],
            [
                9.87927705864422e-05,
                0.9999011754989624
            ],
            [
                0.0006639146013185382,
                0.9993360638618469
            ],
            [
                0.9987751841545105,
                0.0012247597333043814
            ],
            [
                3.0385141144506633e-05,
                0.9999696016311646
            ],
            [
                0.44138863682746887,
                0.5586113333702087
            ],
            [
                2.737438990152441e-06,
                0.9999972581863403
            ],
            [
                2.1042678781668656e-06,
                0.9999978542327881
            ],
            [
                0.9999862909317017,
                1.3664964171766769e-05
            ],
            [
                0.9997093081474304,
                0.00029068446019664407
            ]
        ],
        "num_samples": 19
    },
    "args": {
        "labels_csv": "extra_benign_case_grade_match.csv",
        "patches_dir": "/projects/e32998/patches_benign_split",
        "runs_dir": "./runs_seed_analysis",
        "epochs": 30,
        "lr": 0.000208,
        "batch_size": 1,
        "num_workers": 2,
        "embed_dim": 512,
        "per_slice_cap": 800,
        "max_slices_per_stain": 5,
        "seed": 36,
        "resume": null,
        "eval_only": false,
        "analyze_attention": false,
        "attention_top_n": 5,
        "load_splits": "./no_train_val_leakage_splits/data_splits_new_03.npz",
        "checkpoint_dir": "./runs_seed_analysis/20260312_191839_split3_seed36/checkpoints"
    }
}