{
    "train": {
        "best_val_loss": 0.20914078878275946,
        "epochs": 18
    },
    "test": {
        "test_loss": 0.13034077642982447,
        "test_accuracy": 0.8888888888888888,
        "test_high_grade_recall": 0.8181818181818182,
        "test_benign_recall": 1.0,
        "predictions": [
            1,
            1,
            1,
            0,
            0,
            0,
            0,
            1,
            1,
            0,
            1,
            1,
            0,
            1,
            0,
            0,
            1,
            0
        ],
        "true_labels": [
            1,
            1,
            1,
            0,
            0,
            0,
            1,
            1,
            1,
            0,
            1,
            1,
            0,
            1,
            0,
            1,
            1,
            0
        ],
        "case_ids": [
            5,
            14,
            19,
            25,
            27,
            36,
            44,
            49,
            54,
            56,
            66,
            72,
            79,
            84,
            90,
            92,
            98,
            119
        ],
        "prediction_probs": [
            [
                1.114170481741894e-05,
                0.9999889135360718
            ],
            [
                3.9810488239311326e-09,
                1.0
            ],
            [
                0.16031378507614136,
                0.8396862149238586
            ],
            [
                0.999985933303833,
                1.4115871636022348e-05
            ],
            [
                0.9992873072624207,
                0.0007127451826818287
            ],
            [
                0.9998635053634644,
                0.0001365145290037617
            ],
            [
                0.5407727956771851,
                0.45922723412513733
            ],
            [
                8.071590855251998e-06,
                0.9999918937683105
            ],
            [
                0.02874036133289337,
                0.971259593963623
            ],
            [
                0.6069714426994324,
                0.39302858710289
            ],
            [
                5.97886398168157e-08,
                0.9999998807907104
            ],
            [
                0.06564076244831085,
                0.9343592524528503
            ],
            [
                0.9863142967224121,
                0.013685652986168861
            ],
            [
                0.076518714427948,
                0.9234812259674072
            ],
            [
                0.9999724626541138,
                2.7526448320713826e-05
            ],
            [
                0.5007787346839905,
                0.4992212653160095
            ],
            [
                0.007794038858264685,
                0.9922059178352356
            ],
            [
                0.9999583959579468,
                4.1584680730011314e-05
            ]
        ],
        "num_samples": 18
    },
    "args": {
        "labels_csv": "extra_benign_case_grade_match.csv",
        "patches_dir": "/projects/e32998/patches_benign_split",
        "runs_dir": "./runs_seed_analysis",
        "epochs": 30,
        "lr": 0.000208,
        "batch_size": 1,
        "num_workers": 2,
        "embed_dim": 512,
        "per_slice_cap": 800,
        "max_slices_per_stain": 5,
        "seed": 16,
        "resume": null,
        "eval_only": false,
        "analyze_attention": false,
        "attention_top_n": 5,
        "load_splits": "./no_train_val_leakage_splits/data_splits_new_01.npz",
        "checkpoint_dir": "./runs_seed_analysis/20260312_191834_split1_seed16/checkpoints"
    }
}