{
    "train": {
        "best_val_loss": 0.16880724164910058,
        "epochs": 15
    },
    "test": {
        "test_loss": 0.5889998783977223,
        "test_accuracy": 0.8947368421052632,
        "test_high_grade_recall": 0.9166666666666666,
        "test_benign_recall": 0.8571428571428571,
        "predictions": [
            1,
            1,
            1,
            0,
            1,
            0,
            1,
            1,
            1,
            1,
            1,
            0,
            0,
            1,
            1,
            1,
            0,
            0,
            0
        ],
        "true_labels": [
            1,
            1,
            0,
            1,
            1,
            0,
            1,
            1,
            1,
            1,
            1,
            0,
            0,
            1,
            1,
            1,
            0,
            0,
            0
        ],
        "case_ids": [
            9,
            16,
            26,
            32,
            40,
            45,
            50,
            55,
            60,
            67,
            73,
            82,
            86,
            91,
            99,
            101,
            109,
            110,
            111
        ],
        "prediction_probs": [
            [
                9.803694410948083e-05,
                0.9999020099639893
            ],
            [
                0.04108067974448204,
                0.95891934633255
            ],
            [
                7.57535599404946e-05,
                0.9999241828918457
            ],
            [
                0.5397799611091614,
                0.46021997928619385
            ],
            [
                2.800498805299867e-05,
                0.9999719858169556
            ],
            [
                0.9986893534660339,
                0.001310656894929707
            ],
            [
                0.036836232990026474,
                0.9631637334823608
            ],
            [
                2.715582070322853e-07,
                0.9999997615814209
            ],
            [
                0.04165723919868469,
                0.9583427309989929
            ],
            [
                9.98266987153329e-05,
                0.999900221824646
            ],
            [
                0.09510797262191772,
                0.9048920273780823
            ],
            [
                0.9999642372131348,
                3.573052163119428e-05
            ],
            [
                0.9988805651664734,
                0.0011194780236110091
            ],
            [
                0.0008015811908990145,
                0.9991983771324158
            ],
            [
                9.164287803287152e-06,
                0.9999908208847046
            ],
            [
                0.0001232708600582555,
                0.9998767375946045
            ],
            [
                0.5139563083648682,
                0.48604369163513184
            ],
            [
                0.9993022680282593,
                0.000697773415595293
            ],
            [
                0.9655957221984863,
                0.03440428152680397
            ]
        ],
        "num_samples": 19
    },
    "args": {
        "labels_csv": "extra_benign_case_grade_match.csv",
        "patches_dir": "/projects/e32998/patches_benign_split",
        "runs_dir": "./runs_seed_analysis",
        "epochs": 30,
        "lr": 0.000208,
        "batch_size": 1,
        "num_workers": 2,
        "embed_dim": 512,
        "per_slice_cap": 800,
        "max_slices_per_stain": 5,
        "seed": 49,
        "resume": null,
        "eval_only": false,
        "analyze_attention": false,
        "attention_top_n": 5,
        "load_splits": "./no_train_val_leakage_splits/data_splits_new_02.npz",
        "checkpoint_dir": "./runs_seed_analysis/20260312_191840_split2_seed49/checkpoints"
    }
}