{
    "train": {
        "best_val_loss": 0.2928998387258969,
        "epochs": 11
    },
    "test": {
        "test_loss": 0.06944315535060534,
        "test_accuracy": 1.0,
        "test_high_grade_recall": 1.0,
        "test_benign_recall": 1.0,
        "predictions": [
            1,
            1,
            1,
            0,
            0,
            0,
            1,
            1,
            0,
            1,
            1,
            1,
            0,
            1,
            1,
            0,
            1,
            1,
            0
        ],
        "true_labels": [
            1,
            1,
            1,
            0,
            0,
            0,
            1,
            1,
            0,
            1,
            1,
            1,
            0,
            1,
            1,
            0,
            1,
            1,
            0
        ],
        "case_ids": [
            3,
            11,
            17,
            21,
            24,
            34,
            42,
            48,
            53,
            58,
            63,
            70,
            77,
            80,
            88,
            94,
            97,
            106,
            118
        ],
        "prediction_probs": [
            [
                0.0002918315294664353,
                0.9997081160545349
            ],
            [
                0.14429187774658203,
                0.8557081818580627
            ],
            [
                0.011217888444662094,
                0.9887821078300476
            ],
            [
                0.9964158535003662,
                0.003584186779335141
            ],
            [
                0.9989330172538757,
                0.0010669773910194635
            ],
            [
                0.9999916553497314,
                8.312423233292066e-06
            ],
            [
                0.0004506232216954231,
                0.9995493292808533
            ],
            [
                0.00017371484136674553,
                0.9998263716697693
            ],
            [
                0.9987112283706665,
                0.0012887358898296952
            ],
            [
                1.0923476111202035e-05,
                0.9999890327453613
            ],
            [
                0.00012469330977182835,
                0.9998753070831299
            ],
            [
                0.38936105370521545,
                0.6106389760971069
            ],
            [
                0.9960785508155823,
                0.003921404015272856
            ],
            [
                2.8383976768964203e-07,
                0.9999997615814209
            ],
            [
                0.025977982208132744,
                0.9740220308303833
            ],
            [
                0.5727776288986206,
                0.4272223711013794
            ],
            [
                0.06207515299320221,
                0.9379248023033142
            ],
            [
                2.8377094167808536e-06,
                0.9999971389770508
            ],
            [
                0.9995416402816772,
                0.0004584444686770439
            ]
        ],
        "num_samples": 19
    },
    "args": {
        "labels_csv": "extra_benign_case_grade_match.csv",
        "patches_dir": "/projects/e32998/patches_benign_split",
        "runs_dir": "./runs_seed_analysis",
        "epochs": 30,
        "lr": 0.000208,
        "batch_size": 1,
        "num_workers": 2,
        "embed_dim": 512,
        "per_slice_cap": 800,
        "max_slices_per_stain": 5,
        "seed": 100,
        "resume": null,
        "eval_only": false,
        "analyze_attention": false,
        "attention_top_n": 5,
        "load_splits": "./no_train_val_leakage_splits/data_splits_new_04.npz",
        "checkpoint_dir": "./runs_seed_analysis/20260312_191840_split4_seed100/checkpoints"
    }
}