{
    "train": {
        "best_val_loss": 0.0,
        "epochs": 0
    },
    "test": {
        "test_loss": 0.4424023624476975,
        "test_accuracy": 0.7894736842105263,
        "test_high_grade_recall": 1.0,
        "test_benign_recall": 0.42857142857142855,
        "predictions": [
            1,
            1,
            1,
            1,
            1,
            1,
            1,
            1,
            1,
            1,
            1,
            0,
            1,
            1,
            1,
            1,
            0,
            0,
            1
        ],
        "true_labels": [
            1,
            1,
            0,
            1,
            1,
            0,
            1,
            1,
            1,
            1,
            1,
            0,
            0,
            1,
            1,
            1,
            0,
            0,
            0
        ],
        "case_ids": [
            9,
            16,
            26,
            32,
            40,
            45,
            50,
            55,
            60,
            67,
            73,
            82,
            86,
            91,
            99,
            101,
            109,
            110,
            111
        ],
        "prediction_probs": [
            [
                0.0010584741830825806,
                0.9989414811134338
            ],
            [
                0.05013718828558922,
                0.9498628377914429
            ],
            [
                0.09977494180202484,
                0.9002251029014587
            ],
            [
                0.058626215904951096,
                0.9413737654685974
            ],
            [
                0.0004364722699392587,
                0.9995635151863098
            ],
            [
                0.0333661213517189,
                0.9666338562965393
            ],
            [
                0.09102145582437515,
                0.9089784622192383
            ],
            [
                4.366388566268142e-06,
                0.9999955892562866
            ],
            [
                0.029586531221866608,
                0.9704134464263916
            ],
            [
                0.0007993432809598744,
                0.9992006421089172
            ],
            [
                0.014416037127375603,
                0.985584020614624
            ],
            [
                0.9801247119903564,
                0.019875293597579002
            ],
            [
                0.3328021764755249,
                0.6671978831291199
            ],
            [
                0.005601859651505947,
                0.9943980574607849
            ],
            [
                0.0005478559178300202,
                0.9994521737098694
            ],
            [
                0.0015821793349459767,
                0.998417854309082
            ],
            [
                0.8365046977996826,
                0.1634952872991562
            ],
            [
                0.9775945544242859,
                0.022405441850423813
            ],
            [
                0.32718247175216675,
                0.6728175282478333
            ]
        ],
        "num_samples": 19
    },
    "args": {
        "labels_csv": "extra_benign_case_grade_match.csv",
        "patches_dir": "/projects/e32998/patches_benign_split",
        "runs_dir": "./runs_best_analysis",
        "epochs": 30,
        "lr": 0.000208,
        "batch_size": 1,
        "num_workers": 2,
        "embed_dim": 512,
        "per_slice_cap": 800,
        "max_slices_per_stain": 5,
        "seed": 4,
        "resume": "runs_seed_analysis/20260312_191819_split2_seed4/checkpoints/best.pth",
        "eval_only": true,
        "analyze_attention": false,
        "attention_top_n": 5,
        "load_splits": "./no_train_val_leakage_splits/data_splits_new_02.npz",
        "checkpoint_dir": "./runs_best_analysis/20260313_140950_split2_seed4/checkpoints"
    }
}