{
    "train": {
        "best_val_loss": 0.45903737531103866,
        "epochs": 15
    },
    "test": {
        "test_loss": 0.1141992957820285,
        "test_accuracy": 0.8947368421052632,
        "test_high_grade_recall": 0.9166666666666666,
        "test_benign_recall": 0.8571428571428571,
        "predictions": [
            1,
            0,
            1,
            0,
            0,
            0,
            1,
            1,
            0,
            1,
            1,
            1,
            0,
            1,
            1,
            1,
            1,
            1,
            0
        ],
        "true_labels": [
            1,
            1,
            1,
            0,
            0,
            0,
            1,
            1,
            0,
            1,
            1,
            1,
            0,
            1,
            1,
            0,
            1,
            1,
            0
        ],
        "case_ids": [
            3,
            11,
            17,
            21,
            24,
            34,
            42,
            48,
            53,
            58,
            63,
            70,
            77,
            80,
            88,
            94,
            97,
            106,
            118
        ],
        "prediction_probs": [
            [
                0.00010581733658909798,
                0.9998941421508789
            ],
            [
                0.5625793933868408,
                0.4374205470085144
            ],
            [
                0.004005620256066322,
                0.9959943294525146
            ],
            [
                0.9991832375526428,
                0.0008167248452082276
            ],
            [
                0.9997716546058655,
                0.00022831937531009316
            ],
            [
                0.9998761415481567,
                0.00012382998829707503
            ],
            [
                0.0009892601519823074,
                0.9990106821060181
            ],
            [
                0.0003057451103813946,
                0.9996942281723022
            ],
            [
                0.9948986172676086,
                0.005101385992020369
            ],
            [
                3.7845597944397014e-06,
                0.9999961853027344
            ],
            [
                5.429438897408545e-05,
                0.9999457597732544
            ],
            [
                0.01371653750538826,
                0.9862834215164185
            ],
            [
                0.9904227256774902,
                0.009577312506735325
            ],
            [
                5.244103107315823e-08,
                1.0
            ],
            [
                0.06495308876037598,
                0.935046911239624
            ],
            [
                0.30488303303718567,
                0.6951169967651367
            ],
            [
                0.05098390206694603,
                0.9490161538124084
            ],
            [
                1.1838133104902226e-06,
                0.9999988079071045
            ],
            [
                0.9995818734169006,
                0.0004180986143182963
            ]
        ],
        "num_samples": 19
    },
    "args": {
        "labels_csv": "extra_benign_case_grade_match.csv",
        "patches_dir": "/projects/e32998/patches_benign_split",
        "runs_dir": "./runs_seed_analysis",
        "epochs": 30,
        "lr": 0.000208,
        "batch_size": 1,
        "num_workers": 2,
        "embed_dim": 512,
        "per_slice_cap": 800,
        "max_slices_per_stain": 5,
        "seed": 9,
        "resume": null,
        "eval_only": false,
        "analyze_attention": false,
        "attention_top_n": 5,
        "load_splits": "./no_train_val_leakage_splits/data_splits_new_04.npz",
        "checkpoint_dir": "./runs_seed_analysis/20260312_191840_split4_seed9/checkpoints"
    }
}